PDB_ID,Total_DockQ_Score,DockQ_Score,F1_Score,Native_chains,Model_chains,Type,Model_ID,TM_Score,plddt
7TZR,0.009,0.009,0.0,"X, Y","B, A","rna, rna",m_7TZR,0.45701,0.83642578125
7UIM,0.003,0.003,0.0,"B, D","B, A","rna, protein",m_7UIM,0.39234,0.388427734375
7VKL,0.012,0.012,0.0,"A, B","A, B","protein, rna",m_7VKL,0.91894,0.81005859375
7VSJ,0.167,0.167,0.3,"A, B","A, B","protein, rna",m_7VSJ,0.57748,0.8203125
7VTI,0.02,0.02,0.0,"A, B","A, B","protein, rna",m_7VTI,0.15225,0.30126953125
7VTN,0.014,0.009,0.0,"A, B","A, B","protein, rna",m_7VTN,0.12424,0.253662109375
7VTN,0.014,0.015,0.0,"B, C","B, C"," rna, rna",m_7VTN,0.12424,0.253662109375
7VTN,0.014,0.017,0.0,"A, C","A, C","protein, rna",m_7VTN,0.12424,0.253662109375
7XC7,0.012,0.012,0.0,"D, J","A, C","protein, rna",m_7XC7,0.27668,
7XC7,0.012,0.013,0.0,"C, J","B, C","rna, rna",m_7XC7,0.27668,
7Y9Y,0.018,0.015,0.006,"A, D","A, C","protein, rna",m_7Y9Y,0.03713,
7Y9Y,0.018,0.019,0.043,"R, D","B, C","rna, rna",m_7Y9Y,0.03713,
7Y9Y,0.018,0.02,0.013,"A, R","A, B","protein, rna",m_7Y9Y,0.03713,
7YEX,0.174,0.174,0.429,"A, B","A, B","protein, rna",m_7YEX,0.57107,0.82373046875
7YEY,0.014,0.014,0.0,"A, B","A, B","protein, rna",m_7YEY,0.90716,0.79736328125
7YFQ,0.028,0.022,0.0,"B, C","B, C","rna, rna",m_7YFQ,0.75046,0.74609375
7YFQ,0.028,0.031,0.0,"C, A","C, A","rna, protein",m_7YFQ,0.75046,0.74609375
7YFQ,0.028,0.032,0.0,"B, A","B, A","rna, protein",m_7YFQ,0.75046,0.74609375
7YFX,0.009,0.009,0.0,"A, B","A, B","protein, rna",m_7YFX,0.78015,0.59765625
7YFY,0.018,0.004,0.0,"C, B","B, C","rna, rna",m_7YFY,0.76018,0.7392578125
7YFY,0.018,0.021,0.0,"A, C","A, B","protein, rna",m_7YFY,0.76018,0.7392578125
7YFY,0.018,0.028,0.019,"A, B","A, C","protein, rna",m_7YFY,0.76018,0.7392578125
7YG6,0.031,0.031,0.0,"B, A","B, A","rna, protein",m_7YG6,0.80907,0.72998046875
7YGN,0.012,0.012,0.0,"A, B","A, B","protein, rna",m_7YGN,0.80903,0.73828125
8D49,0.046,0.046,0.017,"A, B","A, B","protein, rna",m_8D49,0.09909,0.1671142578125
8D4B,0.015,0.005,0.0,"B, C","B, C","rna, rna",m_8D4B,0.08928,0.1644287109375
8D4B,0.015,0.007,0.0,"A, C","A, C","protein, rna",m_8D4B,0.08928,0.1644287109375
8D4B,0.015,0.032,0.018,"A, B","A, B","protein, rna",m_8D4B,0.08928,0.1644287109375
8D71,0.348,0.348,0.632,"A, B","A, B","protein, rna",m_8D71,0.77024,0.7734375
8E28,0.45,0.45,0.547,"A, C","A, B","protein, rna",m_8E28,0.92464,0.72607421875
8E29,0.283,0.283,0.414,"A, B","A, B","protein, rna",m_8E29,0.83992,0.693359375
8E2A,0.169,0.169,0.248,"A, B","A, B","protein, rna",m_8E2A,0.68002,0.72802734375
8EYU,0.011,0.011,0.0,"B, A","B, A","rna, rna",m_8EYU,0.31808,0.76513671875
8FTI,0.013,0.013,0.026,"A, B","A, B","protein, rna",m_8FTI,0.09207,0.272216796875
8HBA,0.014,0.014,0.0,"A, B","A, B","rna, rna",m_8HBA,0.25345,0.7783203125
8HZJ,0.016,0.016,0.0,"A, B","A, B","rna, rna",m_8HZJ,0.30238,0.80908203125
8HZL,0.003,0.003,0.0,"A, B","A, B","rna, rna",m_8HZL,0.07483,0.60205078125
8ID2,0.077,0.022,0.0,"C, D","D, C","rna, rna",m_8ID2,0.40334,0.75537109375
8ID2,0.077,0.072,0.108,"A, C","B, D","protein, rna",m_8ID2,0.40334,0.75537109375
8ID2,0.077,0.139,0.207,"B, D","A, C","protein, rna",m_8ID2,0.40334,0.75537109375
8JSL,0.031,0.031,0.022,"A, G","A, B","protein, rna",m_8JSL,0.03688,
8JSM,0.003,0.003,0.0,"A, G","A, B","protein, rna",m_8JSM,0.02347,
8K0P,0.035,0.035,0.0,"A, C","A, B","rna, rna",m_8K0P,0.037,0.1669921875
8K34,0.026,0.01,0.0,"A, B","A, B","protein, protein",m_8K34,0.49946,0.68798828125
8K34,0.026,0.029,0.0,"B, C","B, C","protein, rna",m_8K34,0.49946,0.68798828125
8K34,0.026,0.04,0.0,"A, C","A, C","protein, rna",m_8K34,0.49946,0.68798828125
8KGF,0.012,0.012,0.005,"A, G","A, B","protein, rna",m_8KGF,0.033,0.258544921875
8KI8,0.001,0.001,0.0,"A, E","A, B","protein, rna",m_8KI8,0.01816,0.255859375
8SA3,0.108,0.108,0.043,"A, B","A, B","rna, rna",m_8SA3,0.36081,0.763671875
8SJ7,0.47,0.47,0.542,"A, B","A, B","protein, rna",m_8SJ7,0.88451,0.79541015625
8SNX,0.001,0.001,0.0,"A, T","A, B","protein, rna",m_8SNX,0.02962,
8SNY,0.001,0.001,0.0,"A, T","A, B","protein, rna",m_8SNY,0.01179,
8SXL,0.899,0.899,0.979,"A, B","A, B","rna, rna",m_8SXL,0.97373,0.93115234375
8THQ,0.207,0.207,0.361,"B, S","A, B","protein, rna",m_8THQ,0.46154,0.8369140625
8TQX,0.689,0.689,0.902,"A, D","A, B","rna, rna",m_8TQX,0.80362,0.94970703125
8TSV,0.079,0.079,0.312,"C, D","B, A","rna, rna",m_8TSV,0.29156,0.9052734375
8UD4,0.037,0.008,0.0,"B, H","A, C","protein, rna",m_8UD4,0.14001,0.79150390625
8UD4,0.037,0.014,0.0,"B, G","A, B","protein, rna",m_8UD4,0.14001,0.79150390625
8UD4,0.037,0.09,0.359,"G, H","B, C","rna, rna",m_8UD4,0.14001,0.79150390625
8UO6,0.004,0.004,0.0,"A, B","A, B","rna, rna",m_8UO6,0.27763,0.67333984375
8VAJ,0.105,0.04,0.043,"A, F","A, C","protein, rna",m_8VAJ,0.76232,0.72216796875
8VAJ,0.105,0.047,0.0,"A, E","A, B","protein, rna",m_8VAJ,0.76232,0.72216796875
8VAJ,0.105,0.229,0.465,"E, F","B, C","rna, rna",m_8VAJ,0.76232,0.72216796875
8WCE,0.011,0.007,0.0,"A, G","A, B","protein, rna",m_8WCE,0.10727,0.1649169921875
8WCE,0.011,0.013,0.0,"G, T","B, C","rna, rna",m_8WCE,0.10727,0.1649169921875
8WCE,0.011,0.014,0.008,"A, T","A, C","protein, rna",m_8WCE,0.10727,0.1649169921875
8WCS,0.013,0.013,0.009,"A, G","A, B","protein, rna",m_8WCS,0.1081,0.1785888671875
9CPI,0.653,0.653,0.943,"A, B","B, A","rna, rna",m_9CPI,0.70184,0.93115234375
M1209,0.016,0.01,0.0,"A, B","A, B","protein, protein",m_M1209,0.36721,0.77587890625
M1209,0.016,0.018,0.0,"A, 0","A, C","protein, rna",m_M1209,0.36721,0.77587890625
M1209,0.016,0.021,0.0,"B, 0","B, C","protein, rna",m_M1209,0.36721,0.77587890625
M1211,0.02,0.014,0.0,"B, 0","B, C","protein, rna",m_M1211,0.41079,0.70849609375
M1211,0.02,0.018,0.0,"A, B","A, B","protein, protein",m_M1211,0.41079,0.70849609375
M1211,0.02,0.027,0.041,"A, 0","A, C","protein, rna",m_M1211,0.41079,0.70849609375
M1282,0.017,0.017,0.0,"1, B","B, A","rna, protein",m_M1282,0.62253,0.73095703125
M1293,0.02,0.003,0.0,"A, B","A, B","protein, protein",m_M1293,0.39385,0.75634765625
M1293,0.02,0.015,0.0,"A, 1","A, C","protein, rna",m_M1293,0.39385,0.75634765625
M1293,0.02,0.041,0.0,"B, 1","B, C","protein, rna",m_M1293,0.39385,0.75634765625
M1296,0.284,0.021,0.0,"A, 0","A, C","protein, rna",m_M1296,0.83149,0.76904296875
M1296,0.284,0.023,0.0,"B, 0","B, C","protein, rna",m_M1296,0.83149,0.76904296875
M1296,0.284,0.807,0.665,"A, B","A, B","protein, protein",m_M1296,0.83149,0.76904296875
R1285o,0.003,0.003,0.0,"0, 1","A, B","rna, rna",m_R1285o,0.09854,0.241455078125
