PDB_ID,Total_DockQ_Score,DockQ_Score,F1_Score,Native_chains,Model_chains,Type,TM_Score
7DA7,0.005,0.001,0.0,"A, C","B, C","protein, rna",0.07523
7DA7,0.005,0.001,0.0,"B, C","A, C","protein, rna",0.07523
7DA7,0.005,0.015,0.001,"A, B","B, A","protein, protein",0.07523
7ECJ,0.843,0.843,1.0,"A, B","A, B","rna, rna",0.37754
7ECK,0.853,0.853,0.926,"A, B","A, B","rna, rna",0.40694
7P0V,0.091,0.091,0.132,"A, B","A, B","protein, rna",0.77706
7PDU,0.102,0.102,0.407,"A, B","B, A","dna, rna",0.19043
7PMM,0.019,0.003,0.0,"B, D","B, D","protein, rna",0.44737
7PMM,0.019,0.004,0.0,"A, C","A, C","protein, rna",0.44737
7PMM,0.019,0.031,0.037,"A, D","A, D","protein, rna",0.44737
7PMM,0.019,0.039,0.093,"B, C","B, C","protein, rna",0.44737
7QR3,0.238,0.006,0.0,"B, D","D, A","protein, rna",0.4191
7QR3,0.238,0.007,0.0,"A, C","C, B","protein, rna",0.4191
7QR3,0.238,0.012,0.0,"C, D","B, A","rna, rna",0.4191
7QR3,0.238,0.579,0.846,"B, C","D, B","protein, rna",0.4191
7QR3,0.238,0.587,0.853,"A, D","C, A","protein, rna",0.4191
7QR4,0.616,0.616,0.832,"A, B","A, B","protein, rna",0.75873
7SC6,0.258,0.006,0.0,"A, C","B, C","protein, rna",0.7763
7SC6,0.258,0.006,0.0,"B, C","A, C","protein, rna",0.7763
7SC6,0.258,0.763,0.599,"A, B","B, A","protein, protein",0.7763
7SCQ,0.251,0.007,0.0,"B, C","A, C","protein, rna",0.77661
7SCQ,0.251,0.027,0.092,"A, C","B, C","protein, rna",0.77661
7SCQ,0.251,0.719,0.576,"A, B","B, A","protein, protein",0.77661
7TNX,0.037,0.025,0.0,"B, C","A, B","rna, rna",0.75037
7TNX,0.037,0.039,0.029,"A, C","C, B","protein, rna",0.75037
7TNX,0.037,0.048,0.0,"A, B","C, A","protein, rna",0.75037
7TNY,0.23,0.02,0.0,"A, C","A, B","protein, rna",0.7521
7TNY,0.23,0.033,0.0,"A, B","A, C","protein, rna",0.7521
7TNY,0.23,0.639,0.825,"B, C","C, B","rna, rna",0.7521
7TO0,0.054,0.022,0.0,"A, C","A, B","protein, rna",0.76202
7TO0,0.054,0.056,0.043,"A, B","A, C","protein, rna",0.76202
7TO0,0.054,0.086,0.15,"B, C","C, B","rna, rna",0.76202
7TO1,0.041,0.041,0.052,"A, B","A, B","protein, rna",0.75843
7TO2,0.037,0.037,0.0,"A, B","A, B","protein, rna",0.78521
7U2A,0.272,0.012,0.0,"C, B","A, C","rna, protein",0.92681
7U2A,0.272,0.013,0.0,"C, A","A, B","rna, protein",0.92681
7U2A,0.272,0.79,0.735,"A, B","B, C","protein, protein",0.92681
7UIM,0.003,0.003,0.0,"B, D","B, A","rna, protein",0.42106
7UR5,0.028,0.026,0.0,"v, w","B, A","rna, rna",0.21843
7UR5,0.028,0.03,0.0,"v, y","B, C","rna, rna",0.21843
7UU3,0.064,0.017,0.0,"B, C","C, A","protein, rna",0.324
7UU3,0.064,0.023,0.032,"A, C","D, A","protein, rna",0.324
7UU3,0.064,0.034,0.0,"A, D","D, B","protein, rna",0.324
7UU3,0.064,0.098,0.263,"C, D","A, B","rna, rna",0.324
7UU3,0.064,0.15,0.48,"B, D","C, B","protein, rna",0.324
7V94,0.009,0.006,0.0,"A, B","A, B","protein, rna",0.18965
7V94,0.009,0.007,0.0,"A, D","A, C","protein, dna",0.18965
7V94,0.009,0.007,0.0,"B, C","B, D","rna, dna",0.18965
7V94,0.009,0.007,0.0,"C, D","D, C","dna, dna",0.18965
7V94,0.009,0.019,0.01,"A, C","A, D","protein, dna",0.18965
7XJZ,0.042,0.042,0.047,"A, B","B, A","protein, rna",0.86782
7YFQ,0.028,0.022,0.0,"B, C","B, C","rna, rna",0.85695
7YFQ,0.028,0.031,0.0,"C, A","C, A","rna, protein",0.85695
7YFQ,0.028,0.032,0.0,"B, A","B, A","rna, protein",0.85695
7YFX,0.009,0.009,0.0,"A, B","A, B","protein, rna",0.89305
7YFY,0.018,0.004,0.0,"C, B","B, C","rna, rna",0.87786
7YFY,0.018,0.021,0.0,"A, C","A, B","protein, rna",0.87786
7YFY,0.018,0.028,0.019,"A, B","A, C","protein, rna",0.87786
7YG6,0.023,0.023,0.0,"B, A","B, A","rna, protein",0.90728
7YGN,0.011,0.011,0.0,"A, B","A, B","protein, rna",0.91899
7YOJ,0.012,0.005,0.0,"A, B","A, B","protein, rna",0.18112
7YOJ,0.012,0.006,0.0,"A, C","A, C","protein, dna",0.18112
7YOJ,0.012,0.007,0.0,"C, D","C, D","dna, dna",0.18112
7YOJ,0.012,0.01,0.0,"A, D","A, D","protein, dna",0.18112
7YOJ,0.012,0.034,0.083,"D, B","D, B","dna, rna",0.18112
8AF0,0.024,0.01,0.0,"A, B","B, A","protein, protein",0.41133
8AF0,0.024,0.011,0.0,"D, B","D, A","rna, protein",0.41133
8AF0,0.024,0.019,0.0,"C, B","C, A","rna, protein",0.41133
8AF0,0.024,0.024,0.0,"C, A","C, B","rna, protein",0.41133
8AF0,0.024,0.024,0.0,"D, A","D, B","rna, protein",0.41133
8AF0,0.024,0.054,0.151,"C, D","C, D","rna, rna",0.41133
8B9K,0.015,0.015,0.0,"A, B","B, A","protein, rna",0.80669
8CTI,0.015,0.007,0.0,"B, C","A, C","protein, rna",0.12765
8CTI,0.015,0.013,0.0,"A, C","B, C","protein, rna",0.12765
8CTI,0.015,0.026,0.0,"A, B","B, A","protein, protein",0.12765
8D9G,0.001,0.0,0.0,"B, C","D, A","protein, rna",0.04273
8D9G,0.001,0.001,0.0,"A, B","C, D","protein, protein",0.04273
8D9G,0.001,0.001,0.0,"A, D","C, B","protein, rna",0.04273
8D9G,0.001,0.001,0.0,"B, D","D, B","protein, rna",0.04273
8D9G,0.001,0.001,0.0,"C, D","A, B","rna, rna",0.04273
8DC2,0.006,0.002,0.0,"C, D","C, D","dna, dna",0.20627
8DC2,0.006,0.003,0.0,"A, D","A, D","protein, dna",0.20627
8DC2,0.006,0.004,0.0,"B, C","B, C","rna, dna",0.20627
8DC2,0.006,0.006,0.0,"A, C","A, C","protein, dna",0.20627
8DC2,0.006,0.013,0.004,"A, B","A, B","protein, rna",0.20627
8DMB,0.009,0.003,0.0,"P, W","A, B","protein, rna",0.43294
8DMB,0.009,0.007,0.0,"P, X","A, C","protein, dna",0.43294
8DMB,0.009,0.008,0.0,"P, Y","A, D","protein, dna",0.43294
8DMB,0.009,0.009,0.0,"W, X","B, C","rna, dna",0.43294
8DMB,0.009,0.018,0.0,"X, Y","C, D","dna, dna",0.43294
8DVR,0.065,0.065,0.162,"A, B","A, B","protein, rna",0.75148
8DVS,0.025,0.025,0.0,"A, B","A, B","protein, rna",0.77372
8E28,0.45,0.45,0.547,"A, C","A, B","protein, rna",0.97211
8E29,0.283,0.283,0.414,"A, B","A, B","protein, rna",0.92375
8E2A,0.172,0.172,0.241,"A, B","A, B","protein, rna",0.73072
8FTI,0.013,0.013,0.026,"A, B","A, B","protein, rna",0.13854
8GZP,0.012,0.012,0.0,"A, S","A, B","protein, rna",0.66439
8GZR,0.008,0.004,0.0,"A, B","A, B","protein, protein",0.07532
8GZR,0.008,0.008,0.01,"B, C","B, C","protein, rna",0.07532
8GZR,0.008,0.012,0.016,"A, C","A, C","protein, rna",0.07532
8H1B,0.282,0.087,0.0,"A, D","B, C","protein, rna",0.91236
8H1B,0.282,0.091,0.0,"B, C","A, D","protein, rna",0.91236
8H1B,0.282,0.173,0.2,"B, D","A, C","protein, rna",0.91236
8H1B,0.282,0.215,0.265,"A, C","B, D","protein, rna",0.91236
8H1B,0.282,0.843,0.733,"A, B","B, A","protein, protein",0.91236
8H1J,0.006,0.004,0.0,"C, B","D, B","dna, rna",0.68244
8H1J,0.006,0.005,0.0,"A, D","A, C","protein, dna",0.68244
8H1J,0.006,0.006,0.0,"A, C","A, D","protein, dna",0.68244
8H1J,0.006,0.008,0.0,"A, B","A, B","protein, rna",0.68244
8H1J,0.006,0.009,0.0,"C, D","D, C","dna, dna",0.68244
8HB1,0.074,0.074,0.235,"A, B","A, B","rna, rna",0.13788
8HB3,0.075,0.075,0.241,"A, B","A, B","rna, rna",0.15076
8HBA,0.013,0.013,0.0,"A, B","A, B","rna, rna",0.18426
8HIO,0.017,0.008,0.0,"A, D","B, A","protein, protein",0.27637
8HIO,0.017,0.012,0.0,"B, D","C, A","rna, protein",0.27637
8HIO,0.017,0.03,0.0,"B, A","C, B","rna, protein",0.27637
8HKE,0.019,0.007,0.0,"B, A","A, B","protein, protein",0.25108
8HKE,0.019,0.015,0.0,"A, D","B, D","protein, rna",0.25108
8HKE,0.019,0.023,0.016,"A, C","B, C","protein, rna",0.25108
8HKE,0.019,0.032,0.081,"C, D","C, D","rna, rna",0.25108
8HNT,0.009,0.006,0.0,"A, C","A, B","protein, protein",0.34801
8HNT,0.009,0.008,0.0,"B, C","C, B","rna, protein",0.34801
8HNT,0.009,0.013,0.022,"A, B","A, C","protein, rna",0.34801
8HNW,0.014,0.005,0.0,"A, C","A, D","protein, dna",0.5144
8HNW,0.014,0.007,0.004,"A, B","A, B","protein, rna",0.5144
8HNW,0.014,0.012,0.0,"A, D","A, C","protein, dna",0.5144
8HNW,0.014,0.018,0.0,"C, D","D, C","dna, dna",0.5144
8HNW,0.014,0.025,0.06,"B, C","B, D","rna, dna",0.5144
8HUD,0.016,0.007,0.0,"A, D","A, C","protein, dna",0.52965
8HUD,0.016,0.012,0.0,"C, D","D, C","dna, dna",0.52965
8HUD,0.016,0.012,0.017,"A, B","A, B","protein, rna",0.52965
8HUD,0.016,0.018,0.0,"B, C","B, D","rna, dna",0.52965
8HUD,0.016,0.029,0.0,"A, C","A, D","protein, dna",0.52965
8HZJ,0.017,0.017,0.0,"A, B","B, A","rna, rna",0.21989
8HZK,0.012,0.012,0.0,"A, B","B, A","rna, rna",0.2142
8HZL,0.003,0.003,0.0,"A, B","A, B","rna, rna",0.17922
8I3Q,0.009,0.009,0.0,"C, A","A, B","rna, protein",0.30555
8IBW,0.011,0.006,0.0,"A, C","A, D","rna, protein",0.41667
8IBW,0.011,0.007,0.0,"B, C","B, D","rna, protein",0.41667
8IBW,0.011,0.014,0.0,"A, B","A, B","rna, rna",0.41667
8IBW,0.011,0.017,0.0,"C, D","D, C","protein, rna",0.41667
8IBY,0.033,0.033,0.017,"E, C","A, B","rna, protein",0.59132
8IBZ,0.009,0.009,0.0,"C, E","A, B","protein, rna",0.55067
8ID2,0.077,0.022,0.0,"C, D","D, C","rna, rna",0.40613
8ID2,0.077,0.072,0.108,"A, C","B, D","protein, rna",0.40613
8ID2,0.077,0.139,0.207,"B, D","A, C","protein, rna",0.40613
8IDF,0.013,0.013,0.0,"A, B","B, A","protein, rna",0.66293
8IEW,0.009,0.003,0.0,"C, D","C, D","dna, dna",0.18359
8IEW,0.009,0.005,0.0,"A, D","A, D","protein, dna",0.18359
8IEW,0.009,0.01,0.0,"A, C","A, C","protein, dna",0.18359
8IEW,0.009,0.012,0.0,"B, C","B, C","rna, dna",0.18359
8IEW,0.009,0.016,0.0,"A, B","A, B","protein, rna",0.18359
8IFK,0.006,0.003,0.0,"A, D","A, D","protein, dna",0.45867
8IFK,0.006,0.004,0.0,"A, B","A, B","protein, protein",0.45867
8IFK,0.006,0.004,0.0,"C, D","C, D","rna, dna",0.45867
8IFK,0.006,0.005,0.0,"A, C","A, C","protein, rna",0.45867
8IFK,0.006,0.009,0.0,"B, D","B, D","protein, dna",0.45867
8IFK,0.006,0.01,0.0,"B, C","B, C","protein, rna",0.45867
8IN8,0.021,0.002,0.0,"B, C","A, B","protein, protein",0.57859
8IN8,0.021,0.004,0.0,"C, I","B, C","protein, rna",0.57859
8IN8,0.021,0.005,0.0,"C, J","B, D","protein, dna",0.57859
8IN8,0.021,0.008,0.0,"I, J","C, D","rna, dna",0.57859
8IN8,0.021,0.024,0.0,"B, J","A, D","protein, dna",0.57859
8IN8,0.021,0.083,0.086,"B, I","A, C","protein, rna",0.57859
8IPM,0.024,0.011,0.0,"C, D","A, B","protein, protein",0.86989
8IPM,0.024,0.038,0.0,"D, A","B, C","protein, rna",0.86989
8J8H,0.009,0.003,0.0,"A, B","A, B","protein, protein",0.56216
8J8H,0.009,0.004,0.0,"A, E","A, C","protein, rna",0.56216
8J8H,0.009,0.005,0.0,"A, F","A, D","protein, dna",0.56216
8J8H,0.009,0.006,0.0,"B, F","B, D","protein, dna",0.56216
8J8H,0.009,0.006,0.0,"E, F","C, D","rna, dna",0.56216
8J8H,0.009,0.027,0.0,"B, E","B, C","protein, rna",0.56216
8J9G,0.013,0.006,0.0,"B, F","A, C","protein, rna",0.50171
8J9G,0.013,0.008,0.0,"A, F","B, C","protein, rna",0.50171
8J9G,0.013,0.01,0.0,"A, B","B, A","protein, protein",0.50171
8J9G,0.013,0.011,0.0,"B, E","A, D","protein, dna",0.50171
8J9G,0.013,0.019,0.0,"E, F","D, C","dna, rna",0.50171
8J9G,0.013,0.024,0.0,"A, E","B, D","protein, dna",0.50171
8JL0,0.008,0.004,0.0,"B, D","B, D","protein, dna",0.47953
8JL0,0.008,0.005,0.0,"A, B","A, B","protein, protein",0.47953
8JL0,0.008,0.005,0.0,"A, D","A, D","protein, dna",0.47953
8JL0,0.008,0.009,0.0,"D, C","D, C","dna, rna",0.47953
8JL0,0.008,0.011,0.0,"B, C","B, C","protein, rna",0.47953
8JL0,0.008,0.014,0.0,"A, C","A, C","protein, rna",0.47953
8JTJ,0.014,0.004,0.0,"C, D","C, B","dna, rna",0.37751
8JTJ,0.014,0.007,0.0,"A, B","A, D","protein, dna",0.37751
8JTJ,0.014,0.009,0.0,"A, C","A, C","protein, dna",0.37751
8JTJ,0.014,0.018,0.039,"B, C","D, C","dna, dna",0.37751
8JTJ,0.014,0.033,0.035,"A, D","A, B","protein, rna",0.37751
8JTR,0.014,0.014,0.014,"A, B","A, B","protein, rna",0.56184
8K0Y,0.026,0.026,0.0,"A, B","A, B","rna, rna",0.29716
8KAG,0.019,0.009,0.0,"A, C","B, C","rna, rna",0.33769
8KAG,0.019,0.02,0.02,"B, A","A, B","protein, rna",0.33769
8KAG,0.019,0.029,0.027,"B, C","A, C","protein, rna",0.33769
8OKD,0.153,0.004,0.0,"A, X","B, D","protein, rna",0.74798
8OKD,0.153,0.004,0.0,"B, X","A, D","protein, rna",0.74798
8OKD,0.153,0.011,0.0,"A, C","B, C","protein, rna",0.74798
8OKD,0.153,0.015,0.0,"B, C","A, C","protein, rna",0.74798
8OKD,0.153,0.732,0.691,"A, B","B, A","protein, protein",0.74798
8OMR,0.282,0.013,0.0,"A, C","A, C","protein, rna",0.86706
8OMR,0.282,0.062,0.091,"B, C","B, C","protein, rna",0.86706
8OMR,0.282,0.771,0.7,"A, B","A, B","protein, protein",0.86706
8OPP,0.034,0.034,0.018,"A, D","A, B","protein, rna",0.43416
8PJB,0.164,0.164,0.133,"A, C","A, B","protein, rna",0.81857
8PM4,0.01,0.005,0.0,"B, C","B, D","rna, dna",0.49274
8PM4,0.01,0.006,0.0,"A, D","A, C","protein, dna",0.49274
8PM4,0.01,0.007,0.0,"A, C","A, D","protein, dna",0.49274
8PM4,0.01,0.007,0.0,"C, D","D, C","dna, dna",0.49274
8PM4,0.01,0.025,0.047,"A, B","A, B","protein, rna",0.49274
8PVV,0.014,0.008,0.0,"A, C","C, D","protein, protein",0.34557
8PVV,0.014,0.01,0.0,"C, S","D, B","protein, rna",0.34557
8PVV,0.014,0.013,0.0,"R, S","A, B","rna, rna",0.34557
8PVV,0.014,0.014,0.0,"A, R","C, A","protein, rna",0.34557
8PVV,0.014,0.018,0.0,"A, S","C, B","protein, rna",0.34557
8PVV,0.014,0.021,0.0,"C, R","D, A","protein, rna",0.34557
8QG0,0.024,0.009,0.0,"A, P","A, D","protein, dna",0.37786
8QG0,0.024,0.009,0.0,"P, Q","D, C","dna, rna",0.37786
8QG0,0.024,0.011,0.0,"A, B","A, B","protein, protein",0.37786
8QG0,0.024,0.011,0.0,"B, P","B, D","protein, dna",0.37786
8QG0,0.024,0.014,0.0,"B, Q","B, C","protein, rna",0.37786
8QG0,0.024,0.092,0.149,"A, Q","A, C","protein, rna",0.37786
8R0S,0.115,0.024,0.0,"A, C","A, B","protein, rna",0.85986
8R0S,0.115,0.132,0.117,"A, D","A, C","protein, dna",0.85986
8R0S,0.115,0.189,0.606,"C, D","B, C","rna, dna",0.85986
8SCZ,0.023,0.023,0.0,"A, B","A, B","protein, rna",0.76782
8SD0,0.217,0.217,0.253,"A, B","A, B","protein, rna",0.77847
8SFH,0.035,0.006,0.0,"A, C","A, C","protein, dna",0.50922
8SFH,0.035,0.007,0.0,"C, D","C, D","dna, dna",0.50922
8SFH,0.035,0.015,0.0,"A, D","A, D","protein, dna",0.50922
8SFH,0.035,0.018,0.0,"B, C","B, C","rna, dna",0.50922
8SFH,0.035,0.129,0.159,"A, B","A, B","protein, rna",0.50922
8SFI,0.026,0.007,0.0,"A, C","A, C","protein, dna",0.2851
8SFI,0.026,0.008,0.0,"A, D","A, D","protein, dna",0.2851
8SFI,0.026,0.013,0.0,"A, B","A, B","protein, rna",0.2851
8SFI,0.026,0.016,0.0,"B, C","B, C","rna, dna",0.2851
8SFI,0.026,0.085,0.147,"C, D","C, D","dna, dna",0.2851
8SFJ,0.036,0.01,0.0,"A, C","A, C","protein, dna",0.30795
8SFJ,0.036,0.011,0.0,"A, D","A, D","protein, dna",0.30795
8SFJ,0.036,0.027,0.0,"A, B","A, B","protein, rna",0.30795
8SFJ,0.036,0.037,0.047,"B, C","B, C","rna, dna",0.30795
8SFJ,0.036,0.096,0.14,"C, D","C, D","dna, dna",0.30795
8SFL,0.025,0.008,0.0,"A, C","A, C","protein, dna",0.28258
8SFL,0.025,0.011,0.0,"A, D","A, D","protein, dna",0.28258
8SFL,0.025,0.013,0.021,"A, B","A, B","protein, rna",0.28258
8SFL,0.025,0.014,0.0,"B, C","B, C","rna, dna",0.28258
8SFL,0.025,0.076,0.092,"C, D","C, D","dna, dna",0.28258
8SFN,0.025,0.013,0.0,"A, D","A, D","protein, dna",0.33218
8SFN,0.025,0.013,0.0,"B, C","B, C","rna, dna",0.33218
8SFN,0.025,0.016,0.0,"A, C","A, C","protein, dna",0.33218
8SFN,0.025,0.022,0.018,"A, B","A, B","protein, rna",0.33218
8SFN,0.025,0.061,0.057,"C, D","C, D","dna, dna",0.33218
8SFR,0.028,0.006,0.0,"A, C","A, C","protein, dna",0.35464
8SFR,0.028,0.009,0.0,"A, D","A, D","protein, dna",0.35464
8SFR,0.028,0.013,0.0,"A, B","A, B","protein, rna",0.35464
8SFR,0.028,0.022,0.03,"B, C","B, C","rna, dna",0.35464
8SFR,0.028,0.09,0.2,"C, D","C, D","dna, dna",0.35464
8SH5,0.035,0.004,0.0,"H, L","A, B","protein, protein",0.42137
8SH5,0.035,0.017,0.0,"L, R","B, C","protein, rna",0.42137
8SH5,0.035,0.083,0.267,"H, R","A, C","protein, rna",0.42137
8SQU,0.012,0.005,0.0,"A, B","A, B","protein, protein",0.53367
8SQU,0.012,0.007,0.0,"B, D","B, D","protein, dna",0.53367
8SQU,0.012,0.008,0.0,"A, C","A, C","protein, rna",0.53367
8SQU,0.012,0.008,0.0,"A, D","A, D","protein, dna",0.53367
8SQU,0.012,0.008,0.0,"C, D","C, D","rna, dna",0.53367
8SQU,0.012,0.035,0.071,"B, C","B, C","protein, rna",0.53367
8SXT,0.197,0.025,0.0,"B, C","B, C","rna, dna",0.87415
8SXT,0.197,0.026,0.0,"C, A","C, A","dna, protein",0.87415
8SXT,0.197,0.54,0.303,"B, A","B, A","rna, protein",0.87415
8T29,0.02,0.006,0.0,"A, B","B, C","protein, protein",0.41879
8T29,0.02,0.02,0.0,"R, A","A, B","rna, protein",0.41879
8T29,0.02,0.034,0.0,"R, B","A, C","rna, protein",0.41879
8T2P,0.149,0.149,0.286,"A, B","A, B","rna, rna",0.26251
8UZA,0.012,0.005,0.0,"B, C","B, C","rna, dna",0.32341
8UZA,0.012,0.006,0.0,"A, C","A, C","protein, dna",0.32341
8UZA,0.012,0.007,0.0,"A, D","A, D","protein, dna",0.32341
8UZA,0.012,0.01,0.008,"A, B","A, B","protein, rna",0.32341
8UZA,0.012,0.031,0.029,"C, D","C, D","dna, dna",0.32341
8VFS,0.01,0.01,0.0,"A, B","A, B","rna, rna",0.21285
8VIV,0.065,0.065,0.135,"A, B","A, B","protein, rna",0.91329
8VMB,0.02,0.012,0.0,"H, L","A, B","protein, protein",0.448
8VMB,0.02,0.021,0.0,"R, L","C, B","rna, protein",0.448
8VMB,0.02,0.026,0.0,"R, H","C, A","rna, protein",0.448
8WFA,0.019,0.014,0.006,"A, B","A, B","protein, rna",0.16776
8WFA,0.019,0.018,0.0,"B, C","B, C","rna, rna",0.16776
8WFA,0.019,0.025,0.0,"A, C","A, C","protein, rna",0.16776
8WRR,0.011,0.002,0.0,"A, C","A, C","protein, dna",0.1928
8WRR,0.011,0.002,0.0,"A, D","A, D","protein, dna",0.1928
8WRR,0.011,0.003,0.0,"C, D","C, D","dna, dna",0.1928
8WRR,0.011,0.014,0.019,"A, B","A, B","protein, rna",0.1928
8WRR,0.011,0.035,0.0,"B, C","B, C","rna, dna",0.1928
8WRS,0.141,0.003,0.0,"A, D","A, D","protein, dna",0.19219
8WRS,0.141,0.004,0.0,"A, C","A, C","protein, dna",0.19219
8WRS,0.141,0.005,0.0,"B, C","B, C","rna, dna",0.19219
8WRS,0.141,0.016,0.0,"A, B","A, B","protein, rna",0.19219
8WRS,0.141,0.675,0.806,"C, D","C, D","dna, dna",0.19219
8WRT,0.018,0.018,0.0,"A, B","A, B","protein, rna",0.34267
8WRU,0.01,0.003,0.0,"C, D","C, D","dna, dna",0.18721
8WRU,0.01,0.006,0.0,"A, C","A, C","protein, dna",0.18721
8WRU,0.01,0.006,0.0,"B, C","B, C","rna, dna",0.18721
8WRU,0.01,0.015,0.02,"A, B","A, B","protein, rna",0.18721
8WRU,0.01,0.018,0.0,"A, D","A, D","protein, dna",0.18721
8WRV,0.138,0.004,0.0,"D, A","D, A","dna, protein",0.2136
8WRV,0.138,0.005,0.0,"C, A","C, A","dna, protein",0.2136
8WRV,0.138,0.006,0.0,"C, B","C, B","dna, rna",0.2136
8WRV,0.138,0.01,0.0,"A, B","A, B","protein, rna",0.2136
8WRV,0.138,0.667,0.909,"C, D","C, D","dna, dna",0.2136
8WS9,0.142,0.002,0.0,"A, C","A, C","protein, dna",0.14617
8WS9,0.142,0.002,0.0,"A, D","A, D","protein, dna",0.14617
8WS9,0.142,0.014,0.0,"B, C","B, C","rna, dna",0.14617
8WS9,0.142,0.016,0.0,"A, B","A, B","protein, rna",0.14617
8WS9,0.142,0.679,0.714,"C, D","C, D","dna, dna",0.14617
8X5V,0.013,0.007,0.0,"A, C","A, D","protein, dna",0.66527
8X5V,0.013,0.011,0.0,"A, D","A, C","protein, dna",0.66527
8X5V,0.013,0.011,0.0,"C, D","D, C","dna, dna",0.66527
8X5V,0.013,0.011,0.006,"A, B","A, B","protein, rna",0.66527
8X5V,0.013,0.024,0.0,"B, C","B, D","rna, dna",0.66527
8XCC,0.006,0.004,0.0,"A, C","A, C","protein, dna",0.17443
8XCC,0.006,0.004,0.0,"A, D","A, D","protein, dna",0.17443
8XCC,0.006,0.004,0.0,"C, D","C, D","dna, dna",0.17443
8XCC,0.006,0.009,0.0,"A, B","A, B","protein, rna",0.17443
8XCC,0.006,0.009,0.0,"B, C","B, C","rna, dna",0.17443
8XTP,0.003,0.003,0.0,"B, A","A, B","rna, rna",0.10159
8XYC,0.006,0.004,0.0,"B, C","C, B","dna, rna",0.19681
8XYC,0.006,0.005,0.0,"B, D","C, D","dna, dna",0.19681
8XYC,0.006,0.007,0.0,"A, C","A, B","protein, rna",0.19681
8XYC,0.006,0.007,0.0,"B, A","C, A","dna, protein",0.19681
8XYC,0.006,0.009,0.0,"D, A","D, A","dna, protein",0.19681
8Y03,0.099,0.099,0.18,"A, G","A, B","protein, rna",0.78604
8Y04,0.071,0.013,0.0,"A, C","A, C","protein, dna",0.846
8Y04,0.071,0.015,0.0,"A, D","A, D","protein, dna",0.846
8Y04,0.071,0.026,0.0,"B, C","B, C","rna, dna",0.846
8Y04,0.071,0.065,0.045,"C, D","C, D","dna, dna",0.846
8Y04,0.071,0.234,0.426,"A, B","A, B","protein, rna",0.846
8Y0C,0.014,0.008,0.0,"D, A","D, A","dna, protein",0.32485
8Y0C,0.014,0.012,0.0,"C, A","C, A","dna, protein",0.32485
8Y0C,0.014,0.013,0.0,"B, A","B, A","rna, protein",0.32485
8Y0C,0.014,0.013,0.0,"B, C","B, C","rna, dna",0.32485
8Y0C,0.014,0.023,0.0,"C, D","C, D","dna, dna",0.32485
8Y0D,0.009,0.006,0.0,"C, A","C, A","dna, protein",0.46993
8Y0D,0.009,0.008,0.0,"B, A","B, A","rna, protein",0.46993
8Y0D,0.009,0.012,0.0,"B, C","B, C","rna, dna",0.46993
8Y7Z,0.008,0.003,0.0,"B, A","A, B","protein, protein",0.58415
8Y7Z,0.008,0.003,0.0,"B, D","A, D","protein, dna",0.58415
8Y7Z,0.008,0.005,0.0,"A, D","B, D","protein, dna",0.58415
8Y7Z,0.008,0.007,0.0,"B, C","A, C","protein, rna",0.58415
8Y7Z,0.008,0.01,0.0,"C, D","C, D","rna, dna",0.58415
8Y7Z,0.008,0.017,0.0,"A, C","B, C","protein, rna",0.58415
8Y9L,0.01,0.01,0.0,"A, B","B, A","protein, rna",0.22683
8Y9M,0.009,0.006,0.0,"B, C","B, C","rna, dna",0.18751
8Y9M,0.009,0.007,0.0,"A, C","A, C","protein, dna",0.18751
8Y9M,0.009,0.009,0.0,"A, B","A, B","protein, rna",0.18751
8Y9M,0.009,0.009,0.0,"C, D","C, D","dna, dna",0.18751
8Y9M,0.009,0.014,0.033,"A, D","A, D","protein, dna",0.18751
8YDC,0.215,0.215,0.595,"A, B","A, B","rna, rna",0.16162
8Z1F,0.019,0.019,0.0,"T, A","B, A","rna, protein",0.86902
8Z9K,0.068,0.068,0.0,"A, B","A, B","rna, rna",0.19706
8ZMI,0.251,0.008,0.0,"A, C","A, C","protein, rna",0.78836
8ZMI,0.251,0.009,0.0,"B, C","B, C","protein, rna",0.78836
8ZMI,0.251,0.735,0.684,"A, B","A, B","protein, protein",0.78836
8ZNJ,0.008,0.004,0.0,"D, E","C, D","rna, dna",0.36913
8ZNJ,0.008,0.007,0.0,"A, D","A, C","protein, rna",0.36913
8ZNJ,0.008,0.007,0.0,"B, E","B, D","protein, dna",0.36913
8ZNJ,0.008,0.008,0.0,"A, B","A, B","protein, protein",0.36913
8ZNJ,0.008,0.009,0.0,"B, D","B, C","protein, rna",0.36913
8ZNJ,0.008,0.014,0.0,"A, E","A, D","protein, dna",0.36913
8ZTY,0.035,0.035,0.009,"A, B","B, A","protein, rna",0.21067
9B2K,0.007,0.003,0.0,"A, P","B, A","rna, protein",0.07643
9B2K,0.007,0.005,0.0,"A, B","B, C","rna, rna",0.07643
9B2K,0.007,0.013,0.006,"B, P","C, A","rna, protein",0.07643
9BXE,0.571,0.571,0.967,"A, B","A, B","rna, rna",0.22662
9C0I,0.053,0.007,0.0,"A, R","A, B","protein, rna",0.69273
9C0I,0.053,0.039,0.0,"P, R","C, B","dna, rna",0.69273
9C0I,0.053,0.113,0.105,"A, P","A, C","protein, dna",0.69273
9CER,0.017,0.017,0.005,"P, W","A, B","protein, rna",0.19335
9CEU,0.015,0.007,0.0,"N, P","C, A","dna, protein",0.20472
9CEU,0.015,0.013,0.022,"P, T","A, D","protein, dna",0.20472
9CEU,0.015,0.014,0.0,"T, W","D, B","dna, rna",0.20472
9CEU,0.015,0.016,0.023,"P, W","A, B","protein, rna",0.20472
9CEU,0.015,0.026,0.0,"N, T","C, D","dna, dna",0.20472
9CMP,0.043,0.013,0.0,"T, A","C, A","rna, protein",0.75011
9CMP,0.043,0.027,0.019,"G, A","B, A","rna, protein",0.75011
9CMP,0.043,0.09,0.286,"G, T","B, C","rna, rna",0.75011
9CPD,0.808,0.808,0.928,"A, B","B, A","rna, rna",0.44313
9CPJ,0.699,0.699,0.943,"A, B","A, B","rna, rna",0.43372
9DCF,0.024,0.007,0.0,"B, C","A, C","protein, rna",0.44771
9DCF,0.024,0.016,0.0,"A, B","B, A","protein, protein",0.44771
9DCF,0.024,0.049,0.0,"A, C","B, C","protein, rna",0.44771
9DIB,0.01,0.01,0.0,"A, B","A, B","rna, rna",0.17011
9DIG,0.007,0.007,0.0,"A, B","A, B","rna, rna",0.20767
9DII,0.009,0.009,0.0,"A, B","A, B","rna, rna",0.21609
9DTT,0.01,0.01,0.0,"A, B","B, A","protein, rna",0.67592
9E7G,0.013,0.009,0.0,"H, L","A, B","protein, protein",0.44714
9E7G,0.013,0.015,0.0,"H, R","A, C","protein, rna",0.44714
9E7G,0.013,0.016,0.0,"L, R","B, C","protein, rna",0.44714
9ENE,0.246,0.017,0.0,"B, D","B, D","protein, rna",0.83554
9ENE,0.246,0.018,0.0,"A, D","A, D","protein, rna",0.83554
9ENE,0.246,0.192,0.263,"B, C","B, C","protein, rna",0.83554
9ENE,0.246,0.312,0.344,"A, C","A, C","protein, rna",0.83554
9ENE,0.246,0.689,0.701,"A, B","A, B","protein, protein",0.83554
9FCV,0.021,0.021,0.005,"A, B","B, A","protein, rna",0.28248
9GBZ,0.007,0.005,0.0,"B, C","C, D","protein, protein",0.3614
9GBZ,0.007,0.006,0.0,"B, R","C, B","protein, rna",0.3614
9GBZ,0.007,0.006,0.0,"G, R","A, B","rna, rna",0.3614
9GBZ,0.007,0.008,0.0,"C, R","D, B","protein, rna",0.3614
9GBZ,0.007,0.013,0.0,"C, G","D, A","protein, rna",0.3614
9H82,0.011,0.011,0.0,"E, B","B, A","rna, rna",0.08492
9H83,0.118,0.005,0.0,"C, B","C, B","rna, rna",0.26549
9H83,0.118,0.006,0.0,"A, B","A, B","rna, rna",0.26549
9H83,0.118,0.006,0.0,"D, C","D, C","rna, rna",0.26549
9H83,0.118,0.168,0.0,"D, B","D, B","rna, rna",0.26549
9H83,0.118,0.405,0.757,"A, C","A, C","rna, rna",0.26549
9I8B,0.641,0.641,0.945,"A, B","A, B","rna, rna",0.35249
9IIY,0.017,0.01,0.0,"B, C","A, B","rna, rna",0.76315
9IIY,0.017,0.015,0.011,"A, B","C, A","protein, rna",0.76315
9IIY,0.017,0.024,0.0,"A, C","C, B","protein, rna",0.76315
9IIZ,0.024,0.012,0.0,"B, C","B, C","rna, rna",0.84357
9IIZ,0.024,0.017,0.0,"A, B","A, B","protein, rna",0.84357
9IIZ,0.024,0.044,0.0,"A, C","A, C","protein, rna",0.84357
9IJ0,0.066,0.014,0.0,"B, C","B, C","rna, rna",0.89297
9IJ0,0.066,0.035,0.013,"A, B","A, B","protein, rna",0.89297
9IJ0,0.066,0.148,0.084,"A, C","A, C","protein, rna",0.89297
9IJ1,0.012,0.01,0.0,"A, B","A, B","protein, rna",0.79405
9IJ1,0.012,0.012,0.0,"B, C","B, C","rna, rna",0.79405
9IJ1,0.012,0.014,0.0,"A, C","A, C","protein, rna",0.79405
9IJ2,0.017,0.01,0.0,"B, C","B, C","rna, rna",0.84138
9IJ2,0.017,0.014,0.0,"A, C","A, C","protein, rna",0.84138
9IJ2,0.017,0.027,0.0,"A, B","A, B","protein, rna",0.84138
9IJ3,0.027,0.013,0.0,"B, C","B, C","rna, rna",0.80687
9IJ3,0.027,0.019,0.0,"A, B","A, B","protein, rna",0.80687
9IJ3,0.027,0.048,0.091,"A, C","A, C","protein, rna",0.80687
9IJ4,0.022,0.012,0.0,"B, C","B, C","rna, rna",0.82411
9IJ4,0.022,0.017,0.0,"A, B","A, B","protein, rna",0.82411
9IJ4,0.022,0.036,0.008,"A, C","A, C","protein, rna",0.82411
9IJ5,0.028,0.013,0.0,"A, B","A, B","protein, rna",0.83706
9IJ5,0.028,0.022,0.054,"B, C","B, C","rna, rna",0.83706
9IJ5,0.028,0.05,0.016,"A, C","A, C","protein, rna",0.83706
9JSP,0.022,0.004,0.0,"A, B","A, B","protein, protein",0.64381
9JSP,0.022,0.004,0.0,"B, G","B, C","protein, rna",0.64381
9JSP,0.022,0.008,0.0,"B, T","B, D","protein, dna",0.64381
9JSP,0.022,0.028,0.0,"G, T","C, D","rna, dna",0.64381
9JSP,0.022,0.041,0.0,"A, G","A, C","protein, rna",0.64381
9JSP,0.022,0.051,0.017,"A, T","A, D","protein, dna",0.64381
9KAD,0.082,0.082,0.0,"A, B","A, B","rna, rna",0.38966
9KPH,0.003,0.003,0.0,"A, B","A, B","rna, rna",0.1403
9KPO,0.003,0.003,0.0,"B, A","B, A","rna, rna",0.12563
9L6Y,0.12,0.12,0.231,"A, B","B, D","protein, rna",0.75667
9MX3,0.25,0.028,0.0,"A, C","A, B","protein, rna",0.8873
9MX3,0.25,0.031,0.0,"A, B","A, C","protein, rna",0.8873
9MX3,0.25,0.69,0.918,"C, B","B, C","rna, rna",0.8873
9NVU,0.007,0.002,0.0,"N, P","C, A","dna, protein",0.20092
9NVU,0.007,0.005,0.0,"N, T","C, D","dna, dna",0.20092
9NVU,0.007,0.005,0.0,"P, W","A, B","protein, rna",0.20092
9NVU,0.007,0.008,0.0,"P, T","A, D","protein, dna",0.20092
9NVU,0.007,0.017,0.0,"T, W","D, B","dna, rna",0.20092
M1209,0.016,0.01,0.0,"A, B","A, B","protein, protein",0.41442
M1209,0.016,0.018,0.0,"A, 0","A, C","protein, rna",0.41442
M1209,0.016,0.021,0.0,"B, 0","B, C","protein, rna",0.41442
M1293,0.02,0.003,0.0,"A, B","A, B","protein, protein",0.42098
M1293,0.02,0.015,0.0,"A, 1","A, C","protein, rna",0.42098
M1293,0.02,0.041,0.0,"B, 1","B, C","protein, rna",0.42098
M1296,0.284,0.021,0.0,"A, 0","A, C","protein, rna",0.86068
M1296,0.284,0.023,0.0,"B, 0","B, C","protein, rna",0.86068
M1296,0.284,0.807,0.665,"A, B","A, B","protein, protein",0.86068
