Predicted_PDB,Reference_ID,ptm,ranking_score
8qo2_se4_sa0.pdb,8QO2,0.2,0.2
8qo2_se4_sa3.pdb,8QO2,0.2,0.2
8qo2_se4_sa4.pdb,8QO2,0.21,0.21
8qo2_se4_sa2.pdb,8QO2,0.21,0.21
8qo2_se4_sa1.pdb,8QO2,0.21,0.21
9bun_se4_sa1.pdb,9BUN,0.28,0.28
9bun_se4_sa3.pdb,9BUN,0.28,0.28
9bun_se4_sa0.pdb,9BUN,0.27,0.27
9bun_se4_sa2.pdb,9BUN,0.28,0.28
9bun_se4_sa4.pdb,9BUN,0.28,0.28
7umd_se4_sa1.pdb,7UMD,0.28,0.28
7umd_se4_sa4.pdb,7UMD,0.27,0.27
7umd_se4_sa2.pdb,7UMD,0.28,0.28
7umd_se4_sa3.pdb,7UMD,0.27,0.27
7umd_se4_sa0.pdb,7UMD,0.3,0.3
8tvz_se4_sa1.pdb,8TVZ,0.23,0.23
8tvz_se4_sa3.pdb,8TVZ,0.22,0.22
8tvz_se4_sa4.pdb,8TVZ,0.21,0.21
8tvz_se4_sa2.pdb,8TVZ,0.21,0.21
8tvz_se4_sa0.pdb,8TVZ,0.22,0.22
7wia_se4_sa2.pdb,7WIA,0.31,0.31
7wia_se4_sa3.pdb,7WIA,0.31,0.31
7wia_se4_sa4.pdb,7WIA,0.3,0.3
7wia_se4_sa1.pdb,7WIA,0.3,0.3
7wia_se4_sa0.pdb,7WIA,0.3,0.3
r1252_se4_sa1.pdb,R1252,0.16,0.16
r1252_se4_sa3.pdb,R1252,0.16,0.16
r1252_se4_sa4.pdb,R1252,0.16,0.16
r1252_se4_sa0.pdb,R1252,0.16,0.16
r1252_se4_sa2.pdb,R1252,0.16,0.16
8vpv_se4_sa3.pdb,8VPV,0.28,0.28
8vpv_se4_sa2.pdb,8VPV,0.3,0.3
8vpv_se4_sa4.pdb,8VPV,0.27,0.27
8vpv_se4_sa0.pdb,8VPV,0.28,0.28
8vpv_se4_sa1.pdb,8VPV,0.29,0.29
8tju_se4_sa1.pdb,8TJU,0.38,0.38
8tju_se4_sa4.pdb,8TJU,0.37,0.37
8tju_se4_sa2.pdb,8TJU,0.36,0.36
8tju_se4_sa3.pdb,8TJU,0.37,0.37
8tju_se4_sa0.pdb,8TJU,0.36,0.36
r1271_se4_sa1.pdb,R1271,0.56,0.56
r1271_se4_sa3.pdb,R1271,0.58,0.58
r1271_se4_sa0.pdb,R1271,0.54,0.54
r1271_se4_sa2.pdb,R1271,0.55,0.55
r1271_se4_sa4.pdb,R1271,0.54,0.54
8bm6_se4_sa4.pdb,8BM6,0.36,0.36
8bm6_se4_sa1.pdb,8BM6,0.41,0.41
8bm6_se4_sa3.pdb,8BM6,0.4,0.4
8bm6_se4_sa2.pdb,8BM6,0.42,0.42
8bm6_se4_sa0.pdb,8BM6,0.42,0.42
9eow_se4_sa3.pdb,9EOW,0.28,0.28
9eow_se4_sa2.pdb,9EOW,0.29,0.29
9eow_se4_sa0.pdb,9EOW,0.26,0.26
9eow_se4_sa4.pdb,9EOW,0.26,0.26
9eow_se4_sa1.pdb,9EOW,0.25,0.25
r1212_se4_sa2.pdb,R1212,0.21,0.21
r1212_se4_sa3.pdb,R1212,0.21,0.21
r1212_se4_sa4.pdb,R1212,0.22,0.22
r1212_se4_sa1.pdb,R1212,0.21,0.21
r1212_se4_sa0.pdb,R1212,0.21,0.21
r1242_se4_sa4.pdb,R1242,0.24,0.24
r1242_se4_sa3.pdb,R1242,0.24,0.24
r1242_se4_sa0.pdb,R1242,0.25,0.25
r1242_se4_sa2.pdb,R1242,0.24,0.24
r1242_se4_sa1.pdb,R1242,0.21,0.21
8k15_se4_sa1.pdb,8K15,0.17,0.17
8k15_se4_sa4.pdb,8K15,0.15,0.15
8k15_se4_sa2.pdb,8K15,0.16,0.16
8k15_se4_sa3.pdb,8K15,0.17,0.17
8k15_se4_sa0.pdb,8K15,0.16,0.16
7ucr_se4_sa2.pdb,7UCR,0.46,0.46
7ucr_se4_sa0.pdb,7UCR,0.45,0.45
7ucr_se4_sa3.pdb,7UCR,0.46,0.46
7ucr_se4_sa4.pdb,7UCR,0.46,0.46
7ucr_se4_sa1.pdb,7UCR,0.46,0.46
r1293_se4_sa1.pdb,R1293,0.23,0.23
r1293_se4_sa3.pdb,R1293,0.22,0.22
r1293_se4_sa0.pdb,R1293,0.24,0.24
r1293_se4_sa2.pdb,R1293,0.24,0.24
r1293_se4_sa4.pdb,R1293,0.23,0.23
7shx_se4_sa1.pdb,7SHX,0.33,0.33
7shx_se4_sa3.pdb,7SHX,0.33,0.33
7shx_se4_sa0.pdb,7SHX,0.35,0.35
7shx_se4_sa2.pdb,7SHX,0.3,0.3
7shx_se4_sa4.pdb,7SHX,0.33,0.33
r1254_se4_sa0.pdb,R1254,0.16,0.16
r1254_se4_sa2.pdb,R1254,0.16,0.16
r1254_se4_sa1.pdb,R1254,0.18,0.18
r1254_se4_sa4.pdb,R1254,0.16,0.16
r1254_se4_sa3.pdb,R1254,0.16,0.16
8wa4_se4_sa4.pdb,8WA4,0.07,0.07
8wa4_se4_sa1.pdb,8WA4,0.06,0.06
8wa4_se4_sa2.pdb,8WA4,0.07,0.07
8wa4_se4_sa0.pdb,8WA4,0.07,0.07
8wa4_se4_sa3.pdb,8WA4,0.07,0.07
r1286_se4_sa0.pdb,R1286,0.17,0.17
r1286_se4_sa2.pdb,R1286,0.19,0.19
r1286_se4_sa1.pdb,R1286,0.18,0.18
r1286_se4_sa3.pdb,R1286,0.16,0.16
r1286_se4_sa4.pdb,R1286,0.18,0.18
7q48_se4_sa3.pdb,7Q48,0.13,0.13
7q48_se4_sa2.pdb,7Q48,0.13,0.13
7q48_se4_sa4.pdb,7Q48,0.1,0.1
7q48_se4_sa1.pdb,7Q48,0.11,0.11
7q48_se4_sa0.pdb,7Q48,0.11,0.11
r1248_se4_sa4.pdb,R1248,0.2,0.2
r1248_se4_sa1.pdb,R1248,0.21,0.21
r1248_se4_sa3.pdb,R1248,0.2,0.2
r1248_se4_sa2.pdb,R1248,0.19,0.19
r1248_se4_sa0.pdb,R1248,0.21,0.21
7umc_se4_sa4.pdb,7UMC,0.29,0.29
7umc_se4_sa3.pdb,7UMC,0.3,0.3
7umc_se4_sa1.pdb,7UMC,0.31,0.31
7umc_se4_sa0.pdb,7UMC,0.3,0.3
7umc_se4_sa2.pdb,7UMC,0.29,0.29
8v1i_se4_sa4.pdb,8V1I,0.47,0.47
8v1i_se4_sa3.pdb,8V1I,0.48,0.48
8v1i_se4_sa0.pdb,8V1I,0.47,0.47
8v1i_se4_sa1.pdb,8V1I,0.47,0.47
8v1i_se4_sa2.pdb,8V1I,0.47,0.47
8qo4_se4_sa1.pdb,8QO4,0.27,0.27
8qo4_se4_sa3.pdb,8QO4,0.25,0.25
8qo4_se4_sa4.pdb,8QO4,0.25,0.25
8qo4_se4_sa2.pdb,8QO4,0.26,0.26
8qo4_se4_sa0.pdb,8QO4,0.27,0.27
r1241_se4_sa2.pdb,R1241,0.38,0.38
r1241_se4_sa0.pdb,R1241,0.38,0.38
r1241_se4_sa3.pdb,R1241,0.38,0.38
r1241_se4_sa4.pdb,R1241,0.41,0.41
r1241_se4_sa1.pdb,R1241,0.38,0.38
8i44_se4_sa3.pdb,8I44,0.01,0.01
8i44_se4_sa0.pdb,8I44,0.01,0.01
8i44_se4_sa4.pdb,8I44,0.01,0.01
8i44_se4_sa1.pdb,8I44,0.01,0.01
8i44_se4_sa2.pdb,8I44,0.01,0.01
r1262_se4_sa0.pdb,R1262,0.55,0.55
r1262_se4_sa3.pdb,R1262,0.53,0.53
r1262_se4_sa4.pdb,R1262,0.54,0.54
r1262_se4_sa2.pdb,R1262,0.53,0.53
r1262_se4_sa1.pdb,R1262,0.55,0.55
8qo3_se4_sa1.pdb,8QO3,0.22,0.22
8qo3_se4_sa3.pdb,8QO3,0.21,0.21
8qo3_se4_sa4.pdb,8QO3,0.23,0.23
8qo3_se4_sa0.pdb,8QO3,0.21,0.21
8qo3_se4_sa2.pdb,8QO3,0.22,0.22
r1285_se4_sa4.pdb,R1285,0.23,0.23
r1285_se4_sa3.pdb,R1285,0.22,0.22
r1285_se4_sa0.pdb,R1285,0.22,0.22
r1285_se4_sa1.pdb,R1285,0.23,0.23
r1285_se4_sa2.pdb,R1285,0.23,0.23
8utg_se4_sa3.pdb,8UTG,0.05,0.05
8utg_se4_sa0.pdb,8UTG,0.05,0.05
8utg_se4_sa4.pdb,8UTG,0.05,0.05
8utg_se4_sa1.pdb,8UTG,0.04,0.04
8utg_se4_sa2.pdb,8UTG,0.05,0.05
r1205_se4_sa1.pdb,R1205,0.25,0.25
r1205_se4_sa3.pdb,R1205,0.25,0.25
r1205_se4_sa0.pdb,R1205,0.25,0.25
r1205_se4_sa2.pdb,R1205,0.27,0.27
r1205_se4_sa4.pdb,R1205,0.27,0.27
8upt_se4_sa3.pdb,8UPT,0.45,0.45
8upt_se4_sa0.pdb,8UPT,0.45,0.45
8upt_se4_sa4.pdb,8UPT,0.44,0.44
8upt_se4_sa1.pdb,8UPT,0.44,0.44
8upt_se4_sa2.pdb,8UPT,0.43,0.43
r1261v1_se4_sa0.pdb,R1261V1,0.55,0.55
r1261v1_se4_sa2.pdb,R1261V1,0.53,0.53
r1261v1_se4_sa1.pdb,R1261V1,0.55,0.55
r1261v1_se4_sa4.pdb,R1261V1,0.54,0.54
r1261v1_se4_sa3.pdb,R1261V1,0.53,0.53
7v06_se4_sa3.pdb,7V06,0.26,0.26
7v06_se4_sa2.pdb,7V06,0.27,0.27
7v06_se4_sa4.pdb,7V06,0.26,0.26
7v06_se4_sa0.pdb,7V06,0.27,0.27
7v06_se4_sa1.pdb,7V06,0.26,0.26
8edp_se4_sa0.pdb,8EDP,0.09,0.09
8edp_se4_sa3.pdb,8EDP,0.07,0.07
8edp_se4_sa4.pdb,8EDP,0.09,0.09
8edp_se4_sa2.pdb,8EDP,0.08,0.08
8edp_se4_sa1.pdb,8EDP,0.08,0.08
r1255_se4_sa0.pdb,R1255,0.21,0.21
r1255_se4_sa3.pdb,R1255,0.2,0.2
r1255_se4_sa4.pdb,R1255,0.23,0.23
r1255_se4_sa2.pdb,R1255,0.22,0.22
r1255_se4_sa1.pdb,R1255,0.22,0.22
8vt5_se4_sa4.pdb,8VT5,0.49,0.49
8vt5_se4_sa1.pdb,8VT5,0.49,0.49
8vt5_se4_sa0.pdb,8VT5,0.49,0.49
8vt5_se4_sa3.pdb,8VT5,0.48,0.48
8vt5_se4_sa2.pdb,8VT5,0.49,0.49
7zj5_se4_sa4.pdb,7ZJ5,0.22,0.22
7zj5_se4_sa3.pdb,7ZJ5,0.19,0.19
7zj5_se4_sa0.pdb,7ZJ5,0.23,0.23
7zj5_se4_sa2.pdb,7ZJ5,0.21,0.21
7zj5_se4_sa1.pdb,7ZJ5,0.23,0.23
r1253v2_se4_sa3.pdb,R1253V2,0.18,0.18
r1253v2_se4_sa0.pdb,R1253V2,0.18,0.18
r1253v2_se4_sa4.pdb,R1253V2,0.19,0.19
r1253v2_se4_sa1.pdb,R1253V2,0.19,0.19
r1253v2_se4_sa2.pdb,R1253V2,0.17,0.17
r1283v1_se4_sa1.pdb,R1283V1,0.29,0.29
r1283v1_se4_sa3.pdb,R1283V1,0.28,0.28
r1283v1_se4_sa4.pdb,R1283V1,0.28,0.28
r1283v1_se4_sa0.pdb,R1283V1,0.28,0.28
r1283v1_se4_sa2.pdb,R1283V1,0.29,0.29
8its_se4_sa4.pdb,8ITS,0.25,0.25
8its_se4_sa1.pdb,8ITS,0.26,0.26
8its_se4_sa3.pdb,8ITS,0.24,0.24
8its_se4_sa2.pdb,8ITS,0.23,0.23
8its_se4_sa0.pdb,8ITS,0.24,0.24
7ume_se4_sa4.pdb,7UME,0.2,0.2
7ume_se4_sa3.pdb,7UME,0.21,0.21
7ume_se4_sa1.pdb,7UME,0.24,0.24
7ume_se4_sa0.pdb,7UME,0.21,0.21
7ume_se4_sa2.pdb,7UME,0.23,0.23
r1256_se4_sa4.pdb,R1256,0.22,0.22
r1256_se4_sa1.pdb,R1256,0.23,0.23
r1256_se4_sa2.pdb,R1256,0.23,0.23
r1256_se4_sa0.pdb,R1256,0.24,0.24
r1256_se4_sa3.pdb,R1256,0.23,0.23
8bu8_se4_sa4.pdb,8BU8,0.16,0.16
8bu8_se4_sa1.pdb,8BU8,0.18,0.18
8bu8_se4_sa0.pdb,8BU8,0.18,0.18
8bu8_se4_sa3.pdb,8BU8,0.18,0.18
8bu8_se4_sa2.pdb,8BU8,0.17,0.17
r1203_se4_sa1.pdb,R1203,0.42,0.42
r1203_se4_sa3.pdb,R1203,0.43,0.43
r1203_se4_sa0.pdb,R1203,0.43,0.43
r1203_se4_sa2.pdb,R1203,0.43,0.43
r1203_se4_sa4.pdb,R1203,0.43,0.43
8fcs_se4_sa3.pdb,8FCS,0.43,0.43
8fcs_se4_sa2.pdb,8FCS,0.46,0.46
8fcs_se4_sa0.pdb,8FCS,0.44,0.44
8fcs_se4_sa4.pdb,8FCS,0.44,0.44
8fcs_se4_sa1.pdb,8FCS,0.44,0.44
r1253v1_se4_sa3.pdb,R1253V1,0.18,0.18
r1253v1_se4_sa0.pdb,R1253V1,0.18,0.18
r1253v1_se4_sa4.pdb,R1253V1,0.19,0.19
r1253v1_se4_sa1.pdb,R1253V1,0.19,0.19
r1253v1_se4_sa2.pdb,R1253V1,0.17,0.17
8cq1_se4_sa4.pdb,8CQ1,0.38,0.38
8cq1_se4_sa1.pdb,8CQ1,0.38,0.38
8cq1_se4_sa0.pdb,8CQ1,0.4,0.4
8cq1_se4_sa3.pdb,8CQ1,0.37,0.37
8cq1_se4_sa2.pdb,8CQ1,0.38,0.38
8q4o_se4_sa3.pdb,8Q4O,0.11,0.11
8q4o_se4_sa0.pdb,8Q4O,0.12,0.12
8q4o_se4_sa4.pdb,8Q4O,0.12,0.12
8q4o_se4_sa1.pdb,8Q4O,0.13,0.13
8q4o_se4_sa2.pdb,8Q4O,0.12,0.12
7sxp_se4_sa1.pdb,7SXP,0.15,0.15
7sxp_se4_sa3.pdb,7SXP,0.15,0.15
7sxp_se4_sa0.pdb,7SXP,0.15,0.15
7sxp_se4_sa2.pdb,7SXP,0.14,0.14
7sxp_se4_sa4.pdb,7SXP,0.15,0.15
8uys_se4_sa0.pdb,8UYS,0.28,0.28
8uys_se4_sa2.pdb,8UYS,0.28,0.28
8uys_se4_sa1.pdb,8UYS,0.27,0.27
8uys_se4_sa3.pdb,8UYS,0.28,0.28
8uys_se4_sa4.pdb,8UYS,0.27,0.27
8xzl_se4_sa0.pdb,8XZL,0.26,0.26
8xzl_se4_sa4.pdb,8XZL,0.27,0.27
8xzl_se4_sa3.pdb,8XZL,0.27,0.27
8xzl_se4_sa2.pdb,8XZL,0.3,0.3
8xzl_se4_sa1.pdb,8XZL,0.28,0.28
8v1h_se4_sa3.pdb,8V1H,0.57,0.57
8v1h_se4_sa2.pdb,8V1H,0.54,0.54
8v1h_se4_sa4.pdb,8V1H,0.55,0.55
8v1h_se4_sa1.pdb,8V1H,0.53,0.53
8v1h_se4_sa0.pdb,8V1H,0.53,0.53
r1281_se4_sa1.pdb,R1281,0.17,0.17
r1281_se4_sa3.pdb,R1281,0.18,0.18
r1281_se4_sa4.pdb,R1281,0.18,0.18
r1281_se4_sa2.pdb,R1281,0.18,0.18
r1281_se4_sa0.pdb,R1281,0.18,0.18
8sch_se4_sa0.pdb,8SCH,0.27,0.27
8sch_se4_sa2.pdb,8SCH,0.26,0.26
8sch_se4_sa1.pdb,8SCH,0.27,0.27
8sch_se4_sa4.pdb,8SCH,0.25,0.25
8sch_se4_sa3.pdb,8SCH,0.26,0.26
r1251_se4_sa1.pdb,R1251,0.19,0.19
r1251_se4_sa3.pdb,R1251,0.18,0.18
r1251_se4_sa0.pdb,R1251,0.19,0.19
r1251_se4_sa2.pdb,R1251,0.19,0.19
r1251_se4_sa4.pdb,R1251,0.19,0.19
r1264_se4_sa1.pdb,R1264,0.38,0.38
r1264_se4_sa3.pdb,R1264,0.38,0.38
r1264_se4_sa0.pdb,R1264,0.38,0.38
r1264_se4_sa2.pdb,R1264,0.38,0.38
r1264_se4_sa4.pdb,R1264,0.4,0.4
7yvx_se4_sa0.pdb,7YVX,0.02,0.02
7yvx_se4_sa3.pdb,7YVX,0.02,0.02
7yvx_se4_sa4.pdb,7YVX,0.02,0.02
7yvx_se4_sa2.pdb,7YVX,0.02,0.02
7yvx_se4_sa1.pdb,7YVX,0.02,0.02
r1209_se4_sa4.pdb,R1209,0.24,0.24
r1209_se4_sa1.pdb,R1209,0.23,0.23
r1209_se4_sa3.pdb,R1209,0.23,0.23
r1209_se4_sa2.pdb,R1209,0.23,0.23
r1209_se4_sa0.pdb,R1209,0.23,0.23
8tns_se4_sa1.pdb,8TNS,0.23,0.23
8tns_se4_sa3.pdb,8TNS,0.23,0.23
8tns_se4_sa0.pdb,8TNS,0.24,0.24
8tns_se4_sa2.pdb,8TNS,0.21,0.21
8tns_se4_sa4.pdb,8TNS,0.23,0.23
8uye_se4_sa3.pdb,8UYE,0.34,0.34
8uye_se4_sa2.pdb,8UYE,0.34,0.34
8uye_se4_sa4.pdb,8UYE,0.34,0.34
8uye_se4_sa0.pdb,8UYE,0.33,0.33
8uye_se4_sa1.pdb,8UYE,0.33,0.33
r1296_se4_sa1.pdb,R1296,0.22,0.22
r1296_se4_sa4.pdb,R1296,0.22,0.22
r1296_se4_sa2.pdb,R1296,0.22,0.22
r1296_se4_sa3.pdb,R1296,0.22,0.22
r1296_se4_sa0.pdb,R1296,0.23,0.23
7uga_se4_sa3.pdb,7UGA,0.33,0.33
7uga_se4_sa2.pdb,7UGA,0.34,0.34
7uga_se4_sa4.pdb,7UGA,0.32,0.32
7uga_se4_sa1.pdb,7UGA,0.33,0.33
7uga_se4_sa0.pdb,7UGA,0.32,0.32
7qdu_se4_sa3.pdb,7QDU,0.21,0.21
7qdu_se4_sa0.pdb,7QDU,0.2,0.2
7qdu_se4_sa4.pdb,7QDU,0.21,0.21
7qdu_se4_sa1.pdb,7QDU,0.2,0.2
7qdu_se4_sa2.pdb,7QDU,0.2,0.2
8vci_se4_sa4.pdb,8VCI,0.25,0.25
8vci_se4_sa1.pdb,8VCI,0.24,0.24
8vci_se4_sa0.pdb,8VCI,0.25,0.25
8vci_se4_sa3.pdb,8VCI,0.24,0.24
8vci_se4_sa2.pdb,8VCI,0.26,0.26
r1288_se4_sa4.pdb,R1288,0.27,0.27
r1288_se4_sa1.pdb,R1288,0.23,0.23
r1288_se4_sa2.pdb,R1288,0.27,0.27
r1288_se4_sa0.pdb,R1288,0.25,0.25
r1288_se4_sa3.pdb,R1288,0.27,0.27
8clr_se4_sa1.pdb,8CLR,0.01,0.01
8clr_se4_sa0.pdb,8CLR,0.01,0.01
8clr_se4_sa2.pdb,8CLR,0.01,0.01
8clr_se4_sa3.pdb,8CLR,0.01,0.01
8clr_se4_sa4.pdb,8CLR,0.02,0.02
r1263_se4_sa2.pdb,R1263,0.38,0.38
r1263_se4_sa0.pdb,R1263,0.38,0.38
r1263_se4_sa3.pdb,R1263,0.38,0.38
r1263_se4_sa4.pdb,R1263,0.4,0.4
r1263_se4_sa1.pdb,R1263,0.38,0.38
8jhp_se4_sa4.pdb,8JHP,0.2,0.2
8jhp_se4_sa3.pdb,8JHP,0.19,0.19
8jhp_se4_sa0.pdb,8JHP,0.2,0.2
8jhp_se4_sa1.pdb,8JHP,0.19,0.19
8jhp_se4_sa2.pdb,8JHP,0.24,0.24
8bwt_se4_sa1.pdb,8BWT,0.26,0.26
8bwt_se4_sa3.pdb,8BWT,0.28,0.28
8bwt_se4_sa0.pdb,8BWT,0.27,0.27
8bwt_se4_sa2.pdb,8BWT,0.28,0.28
8bwt_se4_sa4.pdb,8BWT,0.21,0.21
8btz_se4_sa1.pdb,8BTZ,0.25,0.25
8btz_se4_sa0.pdb,8BTZ,0.26,0.26
8btz_se4_sa2.pdb,8BTZ,0.25,0.25
8btz_se4_sa3.pdb,8BTZ,0.26,0.26
8btz_se4_sa4.pdb,8BTZ,0.25,0.25
r1211_se4_sa4.pdb,R1211,0.39,0.39
r1211_se4_sa3.pdb,R1211,0.38,0.38
r1211_se4_sa0.pdb,R1211,0.38,0.38
r1211_se4_sa1.pdb,R1211,0.38,0.38
r1211_se4_sa2.pdb,R1211,0.4,0.4
7ucr_se5_sa0.pdb,7UCR,0.46,0.46
7ucr_se5_sa3.pdb,7UCR,0.45,0.45
7ucr_se5_sa4.pdb,7UCR,0.46,0.46
7ucr_se5_sa2.pdb,7UCR,0.46,0.46
7ucr_se5_sa1.pdb,7UCR,0.46,0.46
r1281_se5_sa2.pdb,R1281,0.18,0.18
r1281_se5_sa1.pdb,R1281,0.18,0.18
r1281_se5_sa3.pdb,R1281,0.18,0.18
r1281_se5_sa4.pdb,R1281,0.18,0.18
r1281_se5_sa0.pdb,R1281,0.2,0.2
r1241_se5_sa2.pdb,R1241,0.38,0.38
r1241_se5_sa1.pdb,R1241,0.39,0.39
r1241_se5_sa3.pdb,R1241,0.38,0.38
r1241_se5_sa4.pdb,R1241,0.38,0.38
r1241_se5_sa0.pdb,R1241,0.4,0.4
r1212_se5_sa1.pdb,R1212,0.2,0.2
r1212_se5_sa0.pdb,R1212,0.18,0.18
r1212_se5_sa3.pdb,R1212,0.21,0.21
r1212_se5_sa4.pdb,R1212,0.22,0.22
r1212_se5_sa2.pdb,R1212,0.21,0.21
8qo3_se5_sa1.pdb,8QO3,0.22,0.22
8qo3_se5_sa0.pdb,8QO3,0.23,0.23
8qo3_se5_sa3.pdb,8QO3,0.22,0.22
8qo3_se5_sa4.pdb,8QO3,0.22,0.22
8qo3_se5_sa2.pdb,8QO3,0.21,0.21
8bu8_se5_sa4.pdb,8BU8,0.19,0.19
8bu8_se5_sa2.pdb,8BU8,0.19,0.19
8bu8_se5_sa1.pdb,8BU8,0.2,0.2
8bu8_se5_sa0.pdb,8BU8,0.19,0.19
8bu8_se5_sa3.pdb,8BU8,0.18,0.18
r1253v1_se5_sa2.pdb,R1253V1,0.19,0.19
r1253v1_se5_sa0.pdb,R1253V1,0.18,0.18
r1253v1_se5_sa3.pdb,R1253V1,0.17,0.17
r1253v1_se5_sa1.pdb,R1253V1,0.19,0.19
r1253v1_se5_sa4.pdb,R1253V1,0.19,0.19
8vci_se5_sa0.pdb,8VCI,0.28,0.28
8vci_se5_sa3.pdb,8VCI,0.25,0.25
8vci_se5_sa1.pdb,8VCI,0.24,0.24
8vci_se5_sa4.pdb,8VCI,0.24,0.24
8vci_se5_sa2.pdb,8VCI,0.26,0.26
7umc_se5_sa3.pdb,7UMC,0.29,0.29
7umc_se5_sa1.pdb,7UMC,0.3,0.3
7umc_se5_sa4.pdb,7UMC,0.3,0.3
7umc_se5_sa2.pdb,7UMC,0.3,0.3
7umc_se5_sa0.pdb,7UMC,0.3,0.3
r1283v1_se5_sa0.pdb,R1283V1,0.28,0.28
r1283v1_se5_sa3.pdb,R1283V1,0.29,0.29
r1283v1_se5_sa2.pdb,R1283V1,0.29,0.29
r1283v1_se5_sa1.pdb,R1283V1,0.28,0.28
r1283v1_se5_sa4.pdb,R1283V1,0.28,0.28
r1296_se5_sa4.pdb,R1296,0.23,0.23
r1296_se5_sa0.pdb,R1296,0.23,0.23
r1296_se5_sa2.pdb,R1296,0.23,0.23
r1296_se5_sa3.pdb,R1296,0.23,0.23
r1296_se5_sa1.pdb,R1296,0.23,0.23
8xzl_se5_sa3.pdb,8XZL,0.25,0.25
8xzl_se5_sa0.pdb,8XZL,0.26,0.26
8xzl_se5_sa4.pdb,8XZL,0.28,0.28
8xzl_se5_sa1.pdb,8XZL,0.26,0.26
8xzl_se5_sa2.pdb,8XZL,0.26,0.26
r1209_se5_sa3.pdb,R1209,0.23,0.23
r1209_se5_sa0.pdb,R1209,0.24,0.24
r1209_se5_sa4.pdb,R1209,0.24,0.24
r1209_se5_sa1.pdb,R1209,0.24,0.24
r1209_se5_sa2.pdb,R1209,0.23,0.23
8tns_se5_sa3.pdb,8TNS,0.23,0.23
8tns_se5_sa0.pdb,8TNS,0.17,0.17
8tns_se5_sa4.pdb,8TNS,0.23,0.23
8tns_se5_sa1.pdb,8TNS,0.23,0.23
8tns_se5_sa2.pdb,8TNS,0.22,0.22
8its_se5_sa1.pdb,8ITS,0.25,0.25
8its_se5_sa0.pdb,8ITS,0.23,0.23
8its_se5_sa3.pdb,8ITS,0.24,0.24
8its_se5_sa4.pdb,8ITS,0.24,0.24
8its_se5_sa2.pdb,8ITS,0.25,0.25
8uys_se5_sa1.pdb,8UYS,0.27,0.27
8uys_se5_sa0.pdb,8UYS,0.27,0.27
8uys_se5_sa2.pdb,8UYS,0.27,0.27
8uys_se5_sa3.pdb,8UYS,0.27,0.27
8uys_se5_sa4.pdb,8UYS,0.27,0.27
8utg_se5_sa4.pdb,8UTG,0.05,0.05
8utg_se5_sa0.pdb,8UTG,0.05,0.05
8utg_se5_sa2.pdb,8UTG,0.05,0.05
8utg_se5_sa3.pdb,8UTG,0.05,0.05
8utg_se5_sa1.pdb,8UTG,0.05,0.05
8v1i_se5_sa1.pdb,8V1I,0.47,0.47
8v1i_se5_sa0.pdb,8V1I,0.46,0.46
8v1i_se5_sa2.pdb,8V1I,0.45,0.45
8v1i_se5_sa3.pdb,8V1I,0.46,0.46
8v1i_se5_sa4.pdb,8V1I,0.46,0.46
8uye_se5_sa1.pdb,8UYE,0.34,0.34
8uye_se5_sa3.pdb,8UYE,0.33,0.33
8uye_se5_sa2.pdb,8UYE,0.32,0.32
8uye_se5_sa4.pdb,8UYE,0.33,0.33
8uye_se5_sa0.pdb,8UYE,0.33,0.33
r1263_se5_sa4.pdb,R1263,0.37,0.37
r1263_se5_sa1.pdb,R1263,0.41,0.41
r1263_se5_sa2.pdb,R1263,0.4,0.4
r1263_se5_sa0.pdb,R1263,0.42,0.42
r1263_se5_sa3.pdb,R1263,0.39,0.39
8q4o_se5_sa0.pdb,8Q4O,0.12,0.12
8q4o_se5_sa1.pdb,8Q4O,0.12,0.12
8q4o_se5_sa4.pdb,8Q4O,0.12,0.12
8q4o_se5_sa2.pdb,8Q4O,0.12,0.12
8q4o_se5_sa3.pdb,8Q4O,0.11,0.11
8wa4_se5_sa1.pdb,8WA4,0.06,0.06
8wa4_se5_sa0.pdb,8WA4,0.07,0.07
8wa4_se5_sa3.pdb,8WA4,0.07,0.07
8wa4_se5_sa4.pdb,8WA4,0.07,0.07
8wa4_se5_sa2.pdb,8WA4,0.07,0.07
8v1h_se5_sa1.pdb,8V1H,0.54,0.54
8v1h_se5_sa4.pdb,8V1H,0.56,0.56
8v1h_se5_sa2.pdb,8V1H,0.56,0.56
8v1h_se5_sa3.pdb,8V1H,0.56,0.56
8v1h_se5_sa0.pdb,8V1H,0.54,0.54
7umd_se5_sa4.pdb,7UMD,0.29,0.29
7umd_se5_sa2.pdb,7UMD,0.29,0.29
7umd_se5_sa1.pdb,7UMD,0.27,0.27
7umd_se5_sa0.pdb,7UMD,0.28,0.28
7umd_se5_sa3.pdb,7UMD,0.25,0.25
7uga_se5_sa3.pdb,7UGA,0.32,0.32
7uga_se5_sa0.pdb,7UGA,0.33,0.33
7uga_se5_sa4.pdb,7UGA,0.34,0.34
7uga_se5_sa1.pdb,7UGA,0.33,0.33
7uga_se5_sa2.pdb,7UGA,0.31,0.31
8edp_se5_sa2.pdb,8EDP,0.08,0.08
8edp_se5_sa0.pdb,8EDP,0.07,0.07
8edp_se5_sa3.pdb,8EDP,0.09,0.09
8edp_se5_sa1.pdb,8EDP,0.08,0.08
8edp_se5_sa4.pdb,8EDP,0.07,0.07
9bun_se5_sa0.pdb,9BUN,0.27,0.27
9bun_se5_sa3.pdb,9BUN,0.3,0.3
9bun_se5_sa2.pdb,9BUN,0.28,0.28
9bun_se5_sa1.pdb,9BUN,0.27,0.27
9bun_se5_sa4.pdb,9BUN,0.26,0.26
8tju_se5_sa0.pdb,8TJU,0.36,0.36
8tju_se5_sa4.pdb,8TJU,0.36,0.36
8tju_se5_sa2.pdb,8TJU,0.36,0.36
8tju_se5_sa1.pdb,8TJU,0.36,0.36
8tju_se5_sa3.pdb,8TJU,0.36,0.36
8clr_se5_sa1.pdb,8CLR,0.02,0.02
8clr_se5_sa0.pdb,8CLR,0.01,0.01
8clr_se5_sa2.pdb,8CLR,0.01,0.01
8clr_se5_sa3.pdb,8CLR,0.02,0.02
8clr_se5_sa4.pdb,8CLR,0.01,0.01
r1262_se5_sa1.pdb,R1262,0.54,0.54
r1262_se5_sa4.pdb,R1262,0.54,0.54
r1262_se5_sa0.pdb,R1262,0.54,0.54
r1262_se5_sa3.pdb,R1262,0.55,0.55
r1262_se5_sa2.pdb,R1262,0.53,0.53
r1253v2_se5_sa3.pdb,R1253V2,0.17,0.17
r1253v2_se5_sa1.pdb,R1253V2,0.19,0.19
r1253v2_se5_sa2.pdb,R1253V2,0.19,0.19
r1253v2_se5_sa4.pdb,R1253V2,0.19,0.19
r1253v2_se5_sa0.pdb,R1253V2,0.18,0.18
8bwt_se5_sa3.pdb,8BWT,0.27,0.27
8bwt_se5_sa1.pdb,8BWT,0.24,0.24
8bwt_se5_sa2.pdb,8BWT,0.27,0.27
8bwt_se5_sa4.pdb,8BWT,0.28,0.28
8bwt_se5_sa0.pdb,8BWT,0.25,0.25
7yvx_se5_sa3.pdb,7YVX,0.02,0.02
7yvx_se5_sa1.pdb,7YVX,0.02,0.02
7yvx_se5_sa0.pdb,7YVX,0.02,0.02
7yvx_se5_sa2.pdb,7YVX,0.02,0.02
7yvx_se5_sa4.pdb,7YVX,0.02,0.02
7shx_se5_sa2.pdb,7SHX,0.34,0.34
7shx_se5_sa1.pdb,7SHX,0.33,0.33
7shx_se5_sa3.pdb,7SHX,0.32,0.32
7shx_se5_sa4.pdb,7SHX,0.33,0.33
7shx_se5_sa0.pdb,7SHX,0.33,0.33
8vpv_se5_sa4.pdb,8VPV,0.3,0.3
8vpv_se5_sa0.pdb,8VPV,0.29,0.29
8vpv_se5_sa2.pdb,8VPV,0.27,0.27
8vpv_se5_sa3.pdb,8VPV,0.28,0.28
8vpv_se5_sa1.pdb,8VPV,0.28,0.28
r1252_se5_sa2.pdb,R1252,0.16,0.16
r1252_se5_sa0.pdb,R1252,0.16,0.16
r1252_se5_sa3.pdb,R1252,0.17,0.17
r1252_se5_sa1.pdb,R1252,0.16,0.16
r1252_se5_sa4.pdb,R1252,0.17,0.17
8k15_se5_sa0.pdb,8K15,0.15,0.15
8k15_se5_sa1.pdb,8K15,0.17,0.17
8k15_se5_sa4.pdb,8K15,0.16,0.16
8k15_se5_sa2.pdb,8K15,0.16,0.16
8k15_se5_sa3.pdb,8K15,0.16,0.16
r1203_se5_sa0.pdb,R1203,0.43,0.43
r1203_se5_sa3.pdb,R1203,0.44,0.44
r1203_se5_sa1.pdb,R1203,0.43,0.43
r1203_se5_sa4.pdb,R1203,0.43,0.43
r1203_se5_sa2.pdb,R1203,0.43,0.43
8tvz_se5_sa1.pdb,8TVZ,0.18,0.18
8tvz_se5_sa3.pdb,8TVZ,0.19,0.19
8tvz_se5_sa2.pdb,8TVZ,0.19,0.19
8tvz_se5_sa4.pdb,8TVZ,0.19,0.19
8tvz_se5_sa0.pdb,8TVZ,0.21,0.21
r1205_se5_sa1.pdb,R1205,0.23,0.23
r1205_se5_sa0.pdb,R1205,0.25,0.25
r1205_se5_sa3.pdb,R1205,0.28,0.28
r1205_se5_sa4.pdb,R1205,0.27,0.27
r1205_se5_sa2.pdb,R1205,0.25,0.25
r1211_se5_sa2.pdb,R1211,0.38,0.38
r1211_se5_sa0.pdb,R1211,0.37,0.37
r1211_se5_sa3.pdb,R1211,0.38,0.38
r1211_se5_sa1.pdb,R1211,0.38,0.38
r1211_se5_sa4.pdb,R1211,0.4,0.4
7ume_se5_sa4.pdb,7UME,0.23,0.23
7ume_se5_sa1.pdb,7UME,0.2,0.2
7ume_se5_sa2.pdb,7UME,0.17,0.17
7ume_se5_sa0.pdb,7UME,0.24,0.24
7ume_se5_sa3.pdb,7UME,0.24,0.24
8fcs_se5_sa0.pdb,8FCS,0.42,0.42
8fcs_se5_sa3.pdb,8FCS,0.42,0.42
8fcs_se5_sa1.pdb,8FCS,0.45,0.45
8fcs_se5_sa4.pdb,8FCS,0.45,0.45
8fcs_se5_sa2.pdb,8FCS,0.43,0.43
7qdu_se5_sa2.pdb,7QDU,0.24,0.24
7qdu_se5_sa1.pdb,7QDU,0.24,0.24
7qdu_se5_sa4.pdb,7QDU,0.23,0.23
7qdu_se5_sa0.pdb,7QDU,0.2,0.2
7qdu_se5_sa3.pdb,7QDU,0.22,0.22
8sch_se5_sa3.pdb,8SCH,0.26,0.26
8sch_se5_sa1.pdb,8SCH,0.26,0.26
8sch_se5_sa4.pdb,8SCH,0.27,0.27
8sch_se5_sa2.pdb,8SCH,0.28,0.28
8sch_se5_sa0.pdb,8SCH,0.26,0.26
9eow_se5_sa1.pdb,9EOW,0.23,0.23
9eow_se5_sa4.pdb,9EOW,0.25,0.25
9eow_se5_sa0.pdb,9EOW,0.28,0.28
9eow_se5_sa3.pdb,9EOW,0.28,0.28
9eow_se5_sa2.pdb,9EOW,0.27,0.27
r1255_se5_sa4.pdb,R1255,0.22,0.22
r1255_se5_sa2.pdb,R1255,0.22,0.22
r1255_se5_sa1.pdb,R1255,0.24,0.24
r1255_se5_sa0.pdb,R1255,0.22,0.22
r1255_se5_sa3.pdb,R1255,0.21,0.21
r1248_se5_sa1.pdb,R1248,0.21,0.21
r1248_se5_sa3.pdb,R1248,0.2,0.2
r1248_se5_sa2.pdb,R1248,0.2,0.2
r1248_se5_sa4.pdb,R1248,0.19,0.19
r1248_se5_sa0.pdb,R1248,0.2,0.2
7wia_se5_sa0.pdb,7WIA,0.3,0.3
7wia_se5_sa3.pdb,7WIA,0.32,0.32
7wia_se5_sa2.pdb,7WIA,0.3,0.3
7wia_se5_sa1.pdb,7WIA,0.31,0.31
7wia_se5_sa4.pdb,7WIA,0.31,0.31
7q48_se5_sa0.pdb,7Q48,0.12,0.12
7q48_se5_sa3.pdb,7Q48,0.11,0.11
7q48_se5_sa2.pdb,7Q48,0.13,0.13
7q48_se5_sa1.pdb,7Q48,0.13,0.13
7q48_se5_sa4.pdb,7Q48,0.14,0.14
r1264_se5_sa3.pdb,R1264,0.39,0.39
r1264_se5_sa1.pdb,R1264,0.41,0.41
r1264_se5_sa0.pdb,R1264,0.42,0.42
r1264_se5_sa2.pdb,R1264,0.4,0.4
r1264_se5_sa4.pdb,R1264,0.37,0.37
8jhp_se5_sa3.pdb,8JHP,0.21,0.21
8jhp_se5_sa1.pdb,8JHP,0.2,0.2
8jhp_se5_sa0.pdb,8JHP,0.19,0.19
8jhp_se5_sa2.pdb,8JHP,0.17,0.17
8jhp_se5_sa4.pdb,8JHP,0.18,0.18
r1271_se5_sa0.pdb,R1271,0.56,0.56
r1271_se5_sa3.pdb,R1271,0.56,0.56
r1271_se5_sa1.pdb,R1271,0.53,0.53
r1271_se5_sa4.pdb,R1271,0.54,0.54
r1271_se5_sa2.pdb,R1271,0.55,0.55
r1251_se5_sa3.pdb,R1251,0.18,0.18
r1251_se5_sa1.pdb,R1251,0.19,0.19
r1251_se5_sa0.pdb,R1251,0.19,0.19
r1251_se5_sa2.pdb,R1251,0.18,0.18
r1251_se5_sa4.pdb,R1251,0.18,0.18
r1254_se5_sa3.pdb,R1254,0.17,0.17
r1254_se5_sa1.pdb,R1254,0.16,0.16
r1254_se5_sa2.pdb,R1254,0.17,0.17
r1254_se5_sa4.pdb,R1254,0.16,0.16
r1254_se5_sa0.pdb,R1254,0.16,0.16
r1293_se5_sa1.pdb,R1293,0.24,0.24
r1293_se5_sa0.pdb,R1293,0.23,0.23
r1293_se5_sa3.pdb,R1293,0.24,0.24
r1293_se5_sa4.pdb,R1293,0.23,0.23
r1293_se5_sa2.pdb,R1293,0.25,0.25
r1261v1_se5_sa4.pdb,R1261V1,0.54,0.54
r1261v1_se5_sa1.pdb,R1261V1,0.54,0.54
r1261v1_se5_sa2.pdb,R1261V1,0.53,0.53
r1261v1_se5_sa0.pdb,R1261V1,0.54,0.54
r1261v1_se5_sa3.pdb,R1261V1,0.55,0.55
8vt5_se5_sa1.pdb,8VT5,0.48,0.48
8vt5_se5_sa0.pdb,8VT5,0.48,0.48
8vt5_se5_sa3.pdb,8VT5,0.51,0.51
8vt5_se5_sa4.pdb,8VT5,0.5,0.5
8vt5_se5_sa2.pdb,8VT5,0.48,0.48
8upt_se5_sa1.pdb,8UPT,0.44,0.44
8upt_se5_sa0.pdb,8UPT,0.43,0.43
8upt_se5_sa3.pdb,8UPT,0.44,0.44
8upt_se5_sa4.pdb,8UPT,0.43,0.43
8upt_se5_sa2.pdb,8UPT,0.45,0.45
8btz_se5_sa3.pdb,8BTZ,0.24,0.24
8btz_se5_sa0.pdb,8BTZ,0.25,0.25
8btz_se5_sa4.pdb,8BTZ,0.26,0.26
8btz_se5_sa1.pdb,8BTZ,0.26,0.26
8btz_se5_sa2.pdb,8BTZ,0.26,0.26
r1256_se5_sa2.pdb,R1256,0.22,0.22
r1256_se5_sa0.pdb,R1256,0.22,0.22
r1256_se5_sa3.pdb,R1256,0.23,0.23
r1256_se5_sa1.pdb,R1256,0.22,0.22
r1256_se5_sa4.pdb,R1256,0.23,0.23
r1288_se5_sa0.pdb,R1288,0.21,0.21
r1288_se5_sa1.pdb,R1288,0.25,0.25
r1288_se5_sa4.pdb,R1288,0.27,0.27
r1288_se5_sa2.pdb,R1288,0.29,0.29
r1288_se5_sa3.pdb,R1288,0.25,0.25
r1286_se5_sa1.pdb,R1286,0.17,0.17
r1286_se5_sa3.pdb,R1286,0.17,0.17
r1286_se5_sa2.pdb,R1286,0.16,0.16
r1286_se5_sa4.pdb,R1286,0.17,0.17
r1286_se5_sa0.pdb,R1286,0.17,0.17
8qo4_se5_sa0.pdb,8QO4,0.25,0.25
8qo4_se5_sa3.pdb,8QO4,0.26,0.26
8qo4_se5_sa2.pdb,8QO4,0.27,0.27
8qo4_se5_sa1.pdb,8QO4,0.27,0.27
8qo4_se5_sa4.pdb,8QO4,0.26,0.26
7sxp_se5_sa2.pdb,7SXP,0.16,0.16
7sxp_se5_sa1.pdb,7SXP,0.14,0.14
7sxp_se5_sa3.pdb,7SXP,0.16,0.16
7sxp_se5_sa4.pdb,7SXP,0.15,0.15
7sxp_se5_sa0.pdb,7SXP,0.15,0.15
8i44_se5_sa3.pdb,8I44,0.01,0.01
8i44_se5_sa1.pdb,8I44,0.01,0.01
8i44_se5_sa0.pdb,8I44,0.01,0.01
8i44_se5_sa2.pdb,8I44,0.01,0.01
8i44_se5_sa4.pdb,8I44,0.01,0.01
r1242_se5_sa3.pdb,R1242,0.22,0.22
r1242_se5_sa0.pdb,R1242,0.23,0.23
r1242_se5_sa4.pdb,R1242,0.23,0.23
r1242_se5_sa1.pdb,R1242,0.24,0.24
r1242_se5_sa2.pdb,R1242,0.22,0.22
r1285_se5_sa0.pdb,R1285,0.24,0.24
r1285_se5_sa3.pdb,R1285,0.22,0.22
r1285_se5_sa4.pdb,R1285,0.22,0.22
r1285_se5_sa2.pdb,R1285,0.22,0.22
r1285_se5_sa1.pdb,R1285,0.23,0.23
7zj5_se5_sa0.pdb,7ZJ5,0.18,0.18
7zj5_se5_sa3.pdb,7ZJ5,0.2,0.2
7zj5_se5_sa1.pdb,7ZJ5,0.19,0.19
7zj5_se5_sa4.pdb,7ZJ5,0.21,0.21
7zj5_se5_sa2.pdb,7ZJ5,0.2,0.2
7v06_se5_sa1.pdb,7V06,0.27,0.27
7v06_se5_sa0.pdb,7V06,0.27,0.27
7v06_se5_sa3.pdb,7V06,0.27,0.27
7v06_se5_sa4.pdb,7V06,0.26,0.26
7v06_se5_sa2.pdb,7V06,0.28,0.28
8qo2_se5_sa3.pdb,8QO2,0.22,0.22
8qo2_se5_sa0.pdb,8QO2,0.21,0.21
8qo2_se5_sa4.pdb,8QO2,0.22,0.22
8qo2_se5_sa1.pdb,8QO2,0.23,0.23
8qo2_se5_sa2.pdb,8QO2,0.21,0.21
8cq1_se5_sa0.pdb,8CQ1,0.39,0.39
8cq1_se5_sa3.pdb,8CQ1,0.39,0.39
8cq1_se5_sa2.pdb,8CQ1,0.38,0.38
8cq1_se5_sa1.pdb,8CQ1,0.38,0.38
8cq1_se5_sa4.pdb,8CQ1,0.39,0.39
8bm6_se5_sa1.pdb,8BM6,0.4,0.4
8bm6_se5_sa0.pdb,8BM6,0.4,0.4
8bm6_se5_sa3.pdb,8BM6,0.38,0.38
8bm6_se5_sa4.pdb,8BM6,0.38,0.38
8bm6_se5_sa2.pdb,8BM6,0.43,0.43
9eow_se1_sa1.pdb,9EOW,0.28,0.28
9eow_se1_sa0.pdb,9EOW,0.28,0.28
9eow_se1_sa2.pdb,9EOW,0.29,0.29
9eow_se1_sa4.pdb,9EOW,0.26,0.26
9eow_se1_sa3.pdb,9EOW,0.29,0.29
8utg_se1_sa2.pdb,8UTG,0.05,0.05
8utg_se1_sa4.pdb,8UTG,0.05,0.05
8utg_se1_sa3.pdb,8UTG,0.05,0.05
8utg_se1_sa0.pdb,8UTG,0.05,0.05
8utg_se1_sa1.pdb,8UTG,0.06,0.06
7yvx_se1_sa0.pdb,7YVX,0.02,0.02
7yvx_se1_sa2.pdb,7YVX,0.02,0.02
7yvx_se1_sa4.pdb,7YVX,0.02,0.02
7yvx_se1_sa3.pdb,7YVX,0.02,0.02
7yvx_se1_sa1.pdb,7YVX,0.03,0.03
8vpv_se1_sa1.pdb,8VPV,0.27,0.27
8vpv_se1_sa3.pdb,8VPV,0.28,0.28
8vpv_se1_sa4.pdb,8VPV,0.28,0.28
8vpv_se1_sa2.pdb,8VPV,0.29,0.29
8vpv_se1_sa0.pdb,8VPV,0.29,0.29
8v1i_se1_sa4.pdb,8V1I,0.45,0.45
8v1i_se1_sa1.pdb,8V1I,0.46,0.46
8v1i_se1_sa3.pdb,8V1I,0.45,0.45
8v1i_se1_sa2.pdb,8V1I,0.47,0.47
8v1i_se1_sa0.pdb,8V1I,0.47,0.47
r1252_se1_sa4.pdb,R1252,0.17,0.17
r1252_se1_sa3.pdb,R1252,0.16,0.16
r1252_se1_sa2.pdb,R1252,0.16,0.16
r1252_se1_sa1.pdb,R1252,0.17,0.17
r1252_se1_sa0.pdb,R1252,0.16,0.16
r1271_se1_sa1.pdb,R1271,0.57,0.57
r1271_se1_sa0.pdb,R1271,0.54,0.54
r1271_se1_sa2.pdb,R1271,0.54,0.54
r1271_se1_sa4.pdb,R1271,0.56,0.56
r1271_se1_sa3.pdb,R1271,0.57,0.57
8clr_se1_sa1.pdb,8CLR,0.01,0.01
8clr_se1_sa2.pdb,8CLR,0.01,0.01
8clr_se1_sa4.pdb,8CLR,0.01,0.01
8clr_se1_sa0.pdb,8CLR,0.01,0.01
8clr_se1_sa3.pdb,8CLR,0.01,0.01
8i44_se1_sa4.pdb,8I44,0.01,0.01
8i44_se1_sa1.pdb,8I44,0.01,0.01
8i44_se1_sa0.pdb,8I44,0.01,0.01
8i44_se1_sa3.pdb,8I44,0.01,0.01
8i44_se1_sa2.pdb,8I44,0.01,0.01
7qdu_se1_sa2.pdb,7QDU,0.23,0.23
7qdu_se1_sa1.pdb,7QDU,0.24,0.24
7qdu_se1_sa3.pdb,7QDU,0.22,0.22
7qdu_se1_sa4.pdb,7QDU,0.24,0.24
7qdu_se1_sa0.pdb,7QDU,0.21,0.21
r1286_se1_sa2.pdb,R1286,0.17,0.17
r1286_se1_sa0.pdb,R1286,0.18,0.18
r1286_se1_sa1.pdb,R1286,0.19,0.19
r1286_se1_sa3.pdb,R1286,0.19,0.19
r1286_se1_sa4.pdb,R1286,0.16,0.16
8its_se1_sa0.pdb,8ITS,0.24,0.24
8its_se1_sa3.pdb,8ITS,0.24,0.24
8its_se1_sa1.pdb,8ITS,0.25,0.25
8its_se1_sa2.pdb,8ITS,0.24,0.24
8its_se1_sa4.pdb,8ITS,0.24,0.24
r1248_se1_sa0.pdb,R1248,0.2,0.2
r1248_se1_sa3.pdb,R1248,0.2,0.2
r1248_se1_sa2.pdb,R1248,0.2,0.2
r1248_se1_sa1.pdb,R1248,0.19,0.19
r1248_se1_sa4.pdb,R1248,0.22,0.22
8qo3_se1_sa2.pdb,8QO3,0.21,0.21
8qo3_se1_sa1.pdb,8QO3,0.22,0.22
8qo3_se1_sa0.pdb,8QO3,0.22,0.22
8qo3_se1_sa3.pdb,8QO3,0.21,0.21
8qo3_se1_sa4.pdb,8QO3,0.22,0.22
r1283v1_se1_sa3.pdb,R1283V1,0.29,0.29
r1283v1_se1_sa0.pdb,R1283V1,0.28,0.28
r1283v1_se1_sa2.pdb,R1283V1,0.28,0.28
r1283v1_se1_sa4.pdb,R1283V1,0.29,0.29
r1283v1_se1_sa1.pdb,R1283V1,0.3,0.3
8btz_se1_sa0.pdb,8BTZ,0.26,0.26
8btz_se1_sa2.pdb,8BTZ,0.26,0.26
8btz_se1_sa3.pdb,8BTZ,0.25,0.25
8btz_se1_sa1.pdb,8BTZ,0.27,0.27
8btz_se1_sa4.pdb,8BTZ,0.24,0.24
r1253v2_se1_sa4.pdb,R1253V2,0.19,0.19
r1253v2_se1_sa1.pdb,R1253V2,0.19,0.19
r1253v2_se1_sa0.pdb,R1253V2,0.19,0.19
r1253v2_se1_sa3.pdb,R1253V2,0.19,0.19
r1253v2_se1_sa2.pdb,R1253V2,0.19,0.19
8xzl_se1_sa2.pdb,8XZL,0.26,0.26
8xzl_se1_sa1.pdb,8XZL,0.26,0.26
8xzl_se1_sa4.pdb,8XZL,0.28,0.28
8xzl_se1_sa3.pdb,8XZL,0.28,0.28
8xzl_se1_sa0.pdb,8XZL,0.27,0.27
r1253v1_se1_sa1.pdb,R1253V1,0.19,0.19
r1253v1_se1_sa3.pdb,R1253V1,0.19,0.19
r1253v1_se1_sa4.pdb,R1253V1,0.19,0.19
r1253v1_se1_sa2.pdb,R1253V1,0.19,0.19
r1253v1_se1_sa0.pdb,R1253V1,0.19,0.19
8jhp_se1_sa0.pdb,8JHP,0.23,0.23
8jhp_se1_sa3.pdb,8JHP,0.21,0.21
8jhp_se1_sa1.pdb,8JHP,0.18,0.18
8jhp_se1_sa2.pdb,8JHP,0.23,0.23
8jhp_se1_sa4.pdb,8JHP,0.22,0.22
8vci_se1_sa0.pdb,8VCI,0.25,0.25
8vci_se1_sa3.pdb,8VCI,0.28,0.28
8vci_se1_sa2.pdb,8VCI,0.23,0.23
8vci_se1_sa4.pdb,8VCI,0.24,0.24
8vci_se1_sa1.pdb,8VCI,0.25,0.25
8uys_se1_sa1.pdb,8UYS,0.25,0.25
8uys_se1_sa2.pdb,8UYS,0.29,0.29
8uys_se1_sa4.pdb,8UYS,0.29,0.29
8uys_se1_sa0.pdb,8UYS,0.27,0.27
8uys_se1_sa3.pdb,8UYS,0.25,0.25
r1288_se1_sa1.pdb,R1288,0.29,0.29
r1288_se1_sa3.pdb,R1288,0.24,0.24
r1288_se1_sa4.pdb,R1288,0.29,0.29
r1288_se1_sa2.pdb,R1288,0.28,0.28
r1288_se1_sa0.pdb,R1288,0.25,0.25
r1285_se1_sa0.pdb,R1285,0.22,0.22
r1285_se1_sa3.pdb,R1285,0.23,0.23
r1285_se1_sa2.pdb,R1285,0.23,0.23
r1285_se1_sa1.pdb,R1285,0.22,0.22
r1285_se1_sa4.pdb,R1285,0.22,0.22
8bm6_se1_sa0.pdb,8BM6,0.4,0.4
8bm6_se1_sa2.pdb,8BM6,0.4,0.4
8bm6_se1_sa4.pdb,8BM6,0.41,0.41
8bm6_se1_sa3.pdb,8BM6,0.41,0.41
8bm6_se1_sa1.pdb,8BM6,0.41,0.41
8edp_se1_sa2.pdb,8EDP,0.09,0.09
8edp_se1_sa1.pdb,8EDP,0.09,0.09
8edp_se1_sa4.pdb,8EDP,0.11,0.11
8edp_se1_sa3.pdb,8EDP,0.08,0.08
8edp_se1_sa0.pdb,8EDP,0.09,0.09
7ucr_se1_sa0.pdb,7UCR,0.46,0.46
7ucr_se1_sa4.pdb,7UCR,0.46,0.46
7ucr_se1_sa2.pdb,7UCR,0.46,0.46
7ucr_se1_sa1.pdb,7UCR,0.46,0.46
7ucr_se1_sa3.pdb,7UCR,0.46,0.46
8vt5_se1_sa1.pdb,8VT5,0.49,0.49
8vt5_se1_sa2.pdb,8VT5,0.49,0.49
8vt5_se1_sa4.pdb,8VT5,0.49,0.49
8vt5_se1_sa0.pdb,8VT5,0.48,0.48
8vt5_se1_sa3.pdb,8VT5,0.49,0.49
8tvz_se1_sa0.pdb,8TVZ,0.22,0.22
8tvz_se1_sa2.pdb,8TVZ,0.2,0.2
8tvz_se1_sa4.pdb,8TVZ,0.23,0.23
8tvz_se1_sa3.pdb,8TVZ,0.2,0.2
8tvz_se1_sa1.pdb,8TVZ,0.2,0.2
r1254_se1_sa0.pdb,R1254,0.16,0.16
r1254_se1_sa4.pdb,R1254,0.15,0.15
r1254_se1_sa3.pdb,R1254,0.16,0.16
r1254_se1_sa2.pdb,R1254,0.16,0.16
r1254_se1_sa1.pdb,R1254,0.15,0.15
7sxp_se1_sa0.pdb,7SXP,0.15,0.15
7sxp_se1_sa4.pdb,7SXP,0.13,0.13
7sxp_se1_sa2.pdb,7SXP,0.15,0.15
7sxp_se1_sa1.pdb,7SXP,0.14,0.14
7sxp_se1_sa3.pdb,7SXP,0.14,0.14
7zj5_se1_sa2.pdb,7ZJ5,0.21,0.21
7zj5_se1_sa1.pdb,7ZJ5,0.21,0.21
7zj5_se1_sa3.pdb,7ZJ5,0.19,0.19
7zj5_se1_sa4.pdb,7ZJ5,0.22,0.22
7zj5_se1_sa0.pdb,7ZJ5,0.2,0.2
r1255_se1_sa1.pdb,R1255,0.2,0.2
r1255_se1_sa3.pdb,R1255,0.19,0.19
r1255_se1_sa4.pdb,R1255,0.21,0.21
r1255_se1_sa0.pdb,R1255,0.22,0.22
r1255_se1_sa2.pdb,R1255,0.22,0.22
7v06_se1_sa4.pdb,7V06,0.26,0.26
7v06_se1_sa1.pdb,7V06,0.29,0.29
7v06_se1_sa0.pdb,7V06,0.28,0.28
7v06_se1_sa3.pdb,7V06,0.39,0.39
7v06_se1_sa2.pdb,7V06,0.27,0.27
r1261v1_se1_sa1.pdb,R1261V1,0.53,0.53
r1261v1_se1_sa0.pdb,R1261V1,0.54,0.54
r1261v1_se1_sa2.pdb,R1261V1,0.54,0.54
r1261v1_se1_sa4.pdb,R1261V1,0.54,0.54
r1261v1_se1_sa3.pdb,R1261V1,0.54,0.54
r1209_se1_sa3.pdb,R1209,0.24,0.24
r1209_se1_sa0.pdb,R1209,0.23,0.23
r1209_se1_sa2.pdb,R1209,0.23,0.23
r1209_se1_sa4.pdb,R1209,0.23,0.23
r1209_se1_sa1.pdb,R1209,0.23,0.23
7umc_se1_sa2.pdb,7UMC,0.31,0.31
7umc_se1_sa1.pdb,7UMC,0.29,0.29
7umc_se1_sa3.pdb,7UMC,0.32,0.32
7umc_se1_sa4.pdb,7UMC,0.28,0.28
7umc_se1_sa0.pdb,7UMC,0.3,0.3
7shx_se1_sa2.pdb,7SHX,0.31,0.31
7shx_se1_sa1.pdb,7SHX,0.31,0.31
7shx_se1_sa0.pdb,7SHX,0.31,0.31
7shx_se1_sa3.pdb,7SHX,0.33,0.33
7shx_se1_sa4.pdb,7SHX,0.3,0.3
r1205_se1_sa0.pdb,R1205,0.28,0.28
r1205_se1_sa4.pdb,R1205,0.27,0.27
r1205_se1_sa3.pdb,R1205,0.25,0.25
r1205_se1_sa2.pdb,R1205,0.25,0.25
r1205_se1_sa1.pdb,R1205,0.22,0.22
9bun_se1_sa0.pdb,9BUN,0.29,0.29
9bun_se1_sa2.pdb,9BUN,0.28,0.28
9bun_se1_sa3.pdb,9BUN,0.29,0.29
9bun_se1_sa1.pdb,9BUN,0.29,0.29
9bun_se1_sa4.pdb,9BUN,0.28,0.28
8qo4_se1_sa0.pdb,8QO4,0.26,0.26
8qo4_se1_sa2.pdb,8QO4,0.27,0.27
8qo4_se1_sa4.pdb,8QO4,0.26,0.26
8qo4_se1_sa3.pdb,8QO4,0.26,0.26
8qo4_se1_sa1.pdb,8QO4,0.26,0.26
r1263_se1_sa4.pdb,R1263,0.39,0.39
r1263_se1_sa3.pdb,R1263,0.37,0.37
r1263_se1_sa2.pdb,R1263,0.39,0.39
r1263_se1_sa1.pdb,R1263,0.39,0.39
r1263_se1_sa0.pdb,R1263,0.39,0.39
7ume_se1_sa4.pdb,7UME,0.21,0.21
7ume_se1_sa3.pdb,7UME,0.25,0.25
7ume_se1_sa2.pdb,7UME,0.24,0.24
7ume_se1_sa1.pdb,7UME,0.22,0.22
7ume_se1_sa0.pdb,7UME,0.24,0.24
8cq1_se1_sa1.pdb,8CQ1,0.37,0.37
8cq1_se1_sa3.pdb,8CQ1,0.4,0.4
8cq1_se1_sa4.pdb,8CQ1,0.41,0.41
8cq1_se1_sa2.pdb,8CQ1,0.38,0.38
8cq1_se1_sa0.pdb,8CQ1,0.38,0.38
r1262_se1_sa0.pdb,R1262,0.54,0.54
r1262_se1_sa2.pdb,R1262,0.54,0.54
r1262_se1_sa4.pdb,R1262,0.54,0.54
r1262_se1_sa3.pdb,R1262,0.54,0.54
r1262_se1_sa1.pdb,R1262,0.53,0.53
r1296_se1_sa2.pdb,R1296,0.22,0.22
r1296_se1_sa0.pdb,R1296,0.23,0.23
r1296_se1_sa1.pdb,R1296,0.23,0.23
r1296_se1_sa3.pdb,R1296,0.24,0.24
r1296_se1_sa4.pdb,R1296,0.23,0.23
7wia_se1_sa0.pdb,7WIA,0.31,0.31
7wia_se1_sa3.pdb,7WIA,0.31,0.31
7wia_se1_sa2.pdb,7WIA,0.3,0.3
7wia_se1_sa1.pdb,7WIA,0.31,0.31
7wia_se1_sa4.pdb,7WIA,0.31,0.31
8tju_se1_sa2.pdb,8TJU,0.36,0.36
8tju_se1_sa1.pdb,8TJU,0.38,0.38
8tju_se1_sa4.pdb,8TJU,0.36,0.36
8tju_se1_sa3.pdb,8TJU,0.38,0.38
8tju_se1_sa0.pdb,8TJU,0.35,0.35
r1211_se1_sa4.pdb,R1211,0.38,0.38
r1211_se1_sa3.pdb,R1211,0.39,0.39
r1211_se1_sa2.pdb,R1211,0.36,0.36
r1211_se1_sa1.pdb,R1211,0.38,0.38
r1211_se1_sa0.pdb,R1211,0.38,0.38
8q4o_se1_sa4.pdb,8Q4O,0.12,0.12
8q4o_se1_sa3.pdb,8Q4O,0.13,0.13
8q4o_se1_sa2.pdb,8Q4O,0.11,0.11
8q4o_se1_sa1.pdb,8Q4O,0.12,0.12
8q4o_se1_sa0.pdb,8Q4O,0.12,0.12
r1281_se1_sa0.pdb,R1281,0.19,0.19
r1281_se1_sa3.pdb,R1281,0.19,0.19
r1281_se1_sa2.pdb,R1281,0.19,0.19
r1281_se1_sa4.pdb,R1281,0.17,0.17
r1281_se1_sa1.pdb,R1281,0.18,0.18
r1242_se1_sa1.pdb,R1242,0.23,0.23
r1242_se1_sa4.pdb,R1242,0.22,0.22
r1242_se1_sa0.pdb,R1242,0.25,0.25
r1242_se1_sa2.pdb,R1242,0.23,0.23
r1242_se1_sa3.pdb,R1242,0.23,0.23
8qo2_se1_sa2.pdb,8QO2,0.23,0.23
8qo2_se1_sa1.pdb,8QO2,0.22,0.22
8qo2_se1_sa4.pdb,8QO2,0.22,0.22
8qo2_se1_sa3.pdb,8QO2,0.22,0.22
8qo2_se1_sa0.pdb,8QO2,0.2,0.2
8wa4_se1_sa1.pdb,8WA4,0.07,0.07
8wa4_se1_sa3.pdb,8WA4,0.07,0.07
8wa4_se1_sa4.pdb,8WA4,0.07,0.07
8wa4_se1_sa0.pdb,8WA4,0.07,0.07
8wa4_se1_sa2.pdb,8WA4,0.07,0.07
r1203_se1_sa4.pdb,R1203,0.43,0.43
r1203_se1_sa3.pdb,R1203,0.43,0.43
r1203_se1_sa2.pdb,R1203,0.42,0.42
r1203_se1_sa1.pdb,R1203,0.43,0.43
r1203_se1_sa0.pdb,R1203,0.43,0.43
8upt_se1_sa0.pdb,8UPT,0.45,0.45
8upt_se1_sa4.pdb,8UPT,0.45,0.45
8upt_se1_sa2.pdb,8UPT,0.44,0.44
8upt_se1_sa3.pdb,8UPT,0.43,0.43
8upt_se1_sa1.pdb,8UPT,0.44,0.44
r1251_se1_sa0.pdb,R1251,0.18,0.18
r1251_se1_sa2.pdb,R1251,0.18,0.18
r1251_se1_sa4.pdb,R1251,0.18,0.18
r1251_se1_sa3.pdb,R1251,0.18,0.18
r1251_se1_sa1.pdb,R1251,0.19,0.19
7q48_se1_sa0.pdb,7Q48,0.14,0.14
7q48_se1_sa3.pdb,7Q48,0.12,0.12
7q48_se1_sa2.pdb,7Q48,0.12,0.12
7q48_se1_sa1.pdb,7Q48,0.12,0.12
7q48_se1_sa4.pdb,7Q48,0.13,0.13
8tns_se1_sa3.pdb,8TNS,0.22,0.22
8tns_se1_sa0.pdb,8TNS,0.18,0.18
8tns_se1_sa2.pdb,8TNS,0.24,0.24
8tns_se1_sa4.pdb,8TNS,0.23,0.23
8tns_se1_sa1.pdb,8TNS,0.25,0.25
8bwt_se1_sa0.pdb,8BWT,0.24,0.24
8bwt_se1_sa4.pdb,8BWT,0.27,0.27
8bwt_se1_sa3.pdb,8BWT,0.27,0.27
8bwt_se1_sa2.pdb,8BWT,0.23,0.23
8bwt_se1_sa1.pdb,8BWT,0.26,0.26
8k15_se1_sa1.pdb,8K15,0.17,0.17
8k15_se1_sa3.pdb,8K15,0.16,0.16
8k15_se1_sa4.pdb,8K15,0.16,0.16
8k15_se1_sa0.pdb,8K15,0.17,0.17
8k15_se1_sa2.pdb,8K15,0.16,0.16
7umd_se1_sa4.pdb,7UMD,0.25,0.25
7umd_se1_sa1.pdb,7UMD,0.26,0.26
7umd_se1_sa0.pdb,7UMD,0.28,0.28
7umd_se1_sa3.pdb,7UMD,0.26,0.26
7umd_se1_sa2.pdb,7UMD,0.27,0.27
8uye_se1_sa0.pdb,8UYE,0.35,0.35
8uye_se1_sa2.pdb,8UYE,0.34,0.34
8uye_se1_sa4.pdb,8UYE,0.35,0.35
8uye_se1_sa3.pdb,8UYE,0.35,0.35
8uye_se1_sa1.pdb,8UYE,0.34,0.34
r1264_se1_sa0.pdb,R1264,0.39,0.39
r1264_se1_sa2.pdb,R1264,0.39,0.39
r1264_se1_sa4.pdb,R1264,0.39,0.39
r1264_se1_sa3.pdb,R1264,0.37,0.37
r1264_se1_sa1.pdb,R1264,0.39,0.39
8fcs_se1_sa4.pdb,8FCS,0.42,0.42
8fcs_se1_sa1.pdb,8FCS,0.44,0.44
8fcs_se1_sa3.pdb,8FCS,0.44,0.44
8fcs_se1_sa2.pdb,8FCS,0.42,0.42
8fcs_se1_sa0.pdb,8FCS,0.43,0.43
r1212_se1_sa1.pdb,R1212,0.21,0.21
r1212_se1_sa3.pdb,R1212,0.22,0.22
r1212_se1_sa4.pdb,R1212,0.18,0.18
r1212_se1_sa0.pdb,R1212,0.22,0.22
r1212_se1_sa2.pdb,R1212,0.21,0.21
8bu8_se1_sa0.pdb,8BU8,0.17,0.17
8bu8_se1_sa2.pdb,8BU8,0.16,0.16
8bu8_se1_sa4.pdb,8BU8,0.17,0.17
8bu8_se1_sa3.pdb,8BU8,0.17,0.17
8bu8_se1_sa1.pdb,8BU8,0.18,0.18
8v1h_se1_sa2.pdb,8V1H,0.54,0.54
8v1h_se1_sa4.pdb,8V1H,0.55,0.55
8v1h_se1_sa3.pdb,8V1H,0.55,0.55
8v1h_se1_sa0.pdb,8V1H,0.55,0.55
8v1h_se1_sa1.pdb,8V1H,0.57,0.57
r1293_se1_sa1.pdb,R1293,0.23,0.23
r1293_se1_sa0.pdb,R1293,0.25,0.25
r1293_se1_sa2.pdb,R1293,0.23,0.23
r1293_se1_sa4.pdb,R1293,0.24,0.24
r1293_se1_sa3.pdb,R1293,0.24,0.24
8sch_se1_sa0.pdb,8SCH,0.26,0.26
8sch_se1_sa2.pdb,8SCH,0.28,0.28
8sch_se1_sa3.pdb,8SCH,0.26,0.26
8sch_se1_sa1.pdb,8SCH,0.27,0.27
8sch_se1_sa4.pdb,8SCH,0.27,0.27
r1241_se1_sa2.pdb,R1241,0.39,0.39
r1241_se1_sa1.pdb,R1241,0.38,0.38
r1241_se1_sa3.pdb,R1241,0.38,0.38
r1241_se1_sa4.pdb,R1241,0.39,0.39
r1241_se1_sa0.pdb,R1241,0.37,0.37
7uga_se1_sa0.pdb,7UGA,0.32,0.32
7uga_se1_sa4.pdb,7UGA,0.33,0.33
7uga_se1_sa2.pdb,7UGA,0.33,0.33
7uga_se1_sa3.pdb,7UGA,0.33,0.33
7uga_se1_sa1.pdb,7UGA,0.33,0.33
r1256_se1_sa1.pdb,R1256,0.22,0.22
r1256_se1_sa3.pdb,R1256,0.22,0.22
r1256_se1_sa4.pdb,R1256,0.22,0.22
r1256_se1_sa0.pdb,R1256,0.22,0.22
r1256_se1_sa2.pdb,R1256,0.21,0.21
r1255_se2_sa2.pdb,R1255,0.21,0.21
r1255_se2_sa3.pdb,R1255,0.21,0.21
r1255_se2_sa0.pdb,R1255,0.23,0.23
r1255_se2_sa4.pdb,R1255,0.21,0.21
r1255_se2_sa1.pdb,R1255,0.21,0.21
8btz_se2_sa3.pdb,8BTZ,0.24,0.24
8btz_se2_sa4.pdb,8BTZ,0.25,0.25
8btz_se2_sa2.pdb,8BTZ,0.25,0.25
8btz_se2_sa1.pdb,8BTZ,0.26,0.26
8btz_se2_sa0.pdb,8BTZ,0.25,0.25
7ume_se2_sa2.pdb,7UME,0.25,0.25
7ume_se2_sa4.pdb,7UME,0.26,0.26
7ume_se2_sa3.pdb,7UME,0.2,0.2
7ume_se2_sa1.pdb,7UME,0.2,0.2
7ume_se2_sa0.pdb,7UME,0.24,0.24
8wa4_se2_sa3.pdb,8WA4,0.07,0.07
8wa4_se2_sa0.pdb,8WA4,0.07,0.07
8wa4_se2_sa4.pdb,8WA4,0.07,0.07
8wa4_se2_sa2.pdb,8WA4,0.07,0.07
8wa4_se2_sa1.pdb,8WA4,0.07,0.07
r1212_se2_sa3.pdb,R1212,0.21,0.21
r1212_se2_sa1.pdb,R1212,0.22,0.22
r1212_se2_sa0.pdb,R1212,0.21,0.21
r1212_se2_sa2.pdb,R1212,0.21,0.21
r1212_se2_sa4.pdb,R1212,0.22,0.22
8qo3_se2_sa4.pdb,8QO3,0.23,0.23
8qo3_se2_sa3.pdb,8QO3,0.22,0.22
8qo3_se2_sa2.pdb,8QO3,0.22,0.22
8qo3_se2_sa0.pdb,8QO3,0.22,0.22
8qo3_se2_sa1.pdb,8QO3,0.21,0.21
9eow_se2_sa3.pdb,9EOW,0.27,0.27
9eow_se2_sa4.pdb,9EOW,0.29,0.29
9eow_se2_sa2.pdb,9EOW,0.28,0.28
9eow_se2_sa1.pdb,9EOW,0.25,0.25
9eow_se2_sa0.pdb,9EOW,0.31,0.31
7shx_se2_sa3.pdb,7SHX,0.36,0.36
7shx_se2_sa4.pdb,7SHX,0.34,0.34
7shx_se2_sa2.pdb,7SHX,0.33,0.33
7shx_se2_sa0.pdb,7SHX,0.32,0.32
7shx_se2_sa1.pdb,7SHX,0.31,0.31
8bm6_se2_sa0.pdb,8BM6,0.37,0.37
8bm6_se2_sa3.pdb,8BM6,0.39,0.39
8bm6_se2_sa2.pdb,8BM6,0.4,0.4
8bm6_se2_sa4.pdb,8BM6,0.41,0.41
8bm6_se2_sa1.pdb,8BM6,0.39,0.39
8i44_se2_sa3.pdb,8I44,0.01,0.01
8i44_se2_sa4.pdb,8I44,0.01,0.01
8i44_se2_sa2.pdb,8I44,0.01,0.01
8i44_se2_sa1.pdb,8I44,0.01,0.01
8i44_se2_sa0.pdb,8I44,0.01,0.01
r1262_se2_sa0.pdb,R1262,0.53,0.53
r1262_se2_sa3.pdb,R1262,0.52,0.52
r1262_se2_sa2.pdb,R1262,0.53,0.53
r1262_se2_sa4.pdb,R1262,0.53,0.53
r1262_se2_sa1.pdb,R1262,0.55,0.55
r1288_se2_sa0.pdb,R1288,0.27,0.27
r1288_se2_sa1.pdb,R1288,0.27,0.27
r1288_se2_sa3.pdb,R1288,0.26,0.26
r1288_se2_sa4.pdb,R1288,0.26,0.26
r1288_se2_sa2.pdb,R1288,0.29,0.29
7umc_se2_sa4.pdb,7UMC,0.3,0.3
7umc_se2_sa0.pdb,7UMC,0.29,0.29
7umc_se2_sa3.pdb,7UMC,0.29,0.29
7umc_se2_sa1.pdb,7UMC,0.3,0.3
7umc_se2_sa2.pdb,7UMC,0.31,0.31
r1248_se2_sa2.pdb,R1248,0.2,0.2
r1248_se2_sa3.pdb,R1248,0.2,0.2
r1248_se2_sa0.pdb,R1248,0.2,0.2
r1248_se2_sa4.pdb,R1248,0.19,0.19
r1248_se2_sa1.pdb,R1248,0.19,0.19
8vt5_se2_sa1.pdb,8VT5,0.49,0.49
8vt5_se2_sa4.pdb,8VT5,0.5,0.5
8vt5_se2_sa0.pdb,8VT5,0.49,0.49
8vt5_se2_sa3.pdb,8VT5,0.49,0.49
8vt5_se2_sa2.pdb,8VT5,0.5,0.5
7umd_se2_sa0.pdb,7UMD,0.26,0.26
7umd_se2_sa1.pdb,7UMD,0.27,0.27
7umd_se2_sa4.pdb,7UMD,0.26,0.26
7umd_se2_sa3.pdb,7UMD,0.28,0.28
7umd_se2_sa2.pdb,7UMD,0.26,0.26
8qo2_se2_sa2.pdb,8QO2,0.22,0.22
8qo2_se2_sa3.pdb,8QO2,0.21,0.21
8qo2_se2_sa4.pdb,8QO2,0.2,0.2
8qo2_se2_sa0.pdb,8QO2,0.21,0.21
8qo2_se2_sa1.pdb,8QO2,0.21,0.21
8q4o_se2_sa4.pdb,8Q4O,0.12,0.12
8q4o_se2_sa0.pdb,8Q4O,0.12,0.12
8q4o_se2_sa3.pdb,8Q4O,0.12,0.12
8q4o_se2_sa1.pdb,8Q4O,0.12,0.12
8q4o_se2_sa2.pdb,8Q4O,0.12,0.12
r1261v1_se2_sa3.pdb,R1261V1,0.52,0.52
r1261v1_se2_sa4.pdb,R1261V1,0.53,0.53
r1261v1_se2_sa2.pdb,R1261V1,0.53,0.53
r1261v1_se2_sa1.pdb,R1261V1,0.55,0.55
r1261v1_se2_sa0.pdb,R1261V1,0.53,0.53
8jhp_se2_sa4.pdb,8JHP,0.23,0.23
8jhp_se2_sa2.pdb,8JHP,0.21,0.21
8jhp_se2_sa3.pdb,8JHP,0.19,0.19
8jhp_se2_sa1.pdb,8JHP,0.2,0.2
8jhp_se2_sa0.pdb,8JHP,0.21,0.21
8clr_se2_sa3.pdb,8CLR,0.01,0.01
8clr_se2_sa4.pdb,8CLR,0.02,0.02
8clr_se2_sa2.pdb,8CLR,0.02,0.02
8clr_se2_sa0.pdb,8CLR,0.01,0.01
8clr_se2_sa1.pdb,8CLR,0.01,0.01
8sch_se2_sa3.pdb,8SCH,0.26,0.26
8sch_se2_sa0.pdb,8SCH,0.26,0.26
8sch_se2_sa4.pdb,8SCH,0.25,0.25
8sch_se2_sa2.pdb,8SCH,0.26,0.26
8sch_se2_sa1.pdb,8SCH,0.26,0.26
8k15_se2_sa0.pdb,8K15,0.15,0.15
8k15_se2_sa1.pdb,8K15,0.16,0.16
8k15_se2_sa3.pdb,8K15,0.15,0.15
8k15_se2_sa4.pdb,8K15,0.15,0.15
8k15_se2_sa2.pdb,8K15,0.16,0.16
r1283v1_se2_sa2.pdb,R1283V1,0.29,0.29
r1283v1_se2_sa3.pdb,R1283V1,0.29,0.29
r1283v1_se2_sa4.pdb,R1283V1,0.28,0.28
r1283v1_se2_sa0.pdb,R1283V1,0.28,0.28
r1283v1_se2_sa1.pdb,R1283V1,0.29,0.29
r1296_se2_sa0.pdb,R1296,0.23,0.23
r1296_se2_sa1.pdb,R1296,0.22,0.22
r1296_se2_sa4.pdb,R1296,0.21,0.21
r1296_se2_sa3.pdb,R1296,0.22,0.22
r1296_se2_sa2.pdb,R1296,0.22,0.22
8tvz_se2_sa1.pdb,8TVZ,0.2,0.2
8tvz_se2_sa0.pdb,8TVZ,0.19,0.19
8tvz_se2_sa4.pdb,8TVZ,0.21,0.21
8tvz_se2_sa2.pdb,8TVZ,0.2,0.2
8tvz_se2_sa3.pdb,8TVZ,0.21,0.21
7ucr_se2_sa0.pdb,7UCR,0.46,0.46
7ucr_se2_sa3.pdb,7UCR,0.45,0.45
7ucr_se2_sa1.pdb,7UCR,0.46,0.46
7ucr_se2_sa4.pdb,7UCR,0.46,0.46
7ucr_se2_sa2.pdb,7UCR,0.45,0.45
7uga_se2_sa2.pdb,7UGA,0.33,0.33
7uga_se2_sa4.pdb,7UGA,0.32,0.32
7uga_se2_sa3.pdb,7UGA,0.31,0.31
7uga_se2_sa1.pdb,7UGA,0.33,0.33
7uga_se2_sa0.pdb,7UGA,0.32,0.32
8its_se2_sa0.pdb,8ITS,0.23,0.23
8its_se2_sa3.pdb,8ITS,0.24,0.24
8its_se2_sa2.pdb,8ITS,0.24,0.24
8its_se2_sa4.pdb,8ITS,0.25,0.25
8its_se2_sa1.pdb,8ITS,0.26,0.26
8bwt_se2_sa3.pdb,8BWT,0.26,0.26
8bwt_se2_sa4.pdb,8BWT,0.26,0.26
8bwt_se2_sa2.pdb,8BWT,0.19,0.19
8bwt_se2_sa1.pdb,8BWT,0.25,0.25
8bwt_se2_sa0.pdb,8BWT,0.27,0.27
r1264_se2_sa3.pdb,R1264,0.44,0.44
r1264_se2_sa0.pdb,R1264,0.39,0.39
r1264_se2_sa4.pdb,R1264,0.4,0.4
r1264_se2_sa2.pdb,R1264,0.36,0.36
r1264_se2_sa1.pdb,R1264,0.45,0.45
r1252_se2_sa3.pdb,R1252,0.16,0.16
r1252_se2_sa1.pdb,R1252,0.17,0.17
r1252_se2_sa0.pdb,R1252,0.17,0.17
r1252_se2_sa2.pdb,R1252,0.16,0.16
r1252_se2_sa4.pdb,R1252,0.17,0.17
r1251_se2_sa2.pdb,R1251,0.2,0.2
r1251_se2_sa4.pdb,R1251,0.19,0.19
r1251_se2_sa3.pdb,R1251,0.19,0.19
r1251_se2_sa1.pdb,R1251,0.19,0.19
r1251_se2_sa0.pdb,R1251,0.2,0.2
r1286_se2_sa4.pdb,R1286,0.18,0.18
r1286_se2_sa3.pdb,R1286,0.17,0.17
r1286_se2_sa2.pdb,R1286,0.2,0.2
r1286_se2_sa0.pdb,R1286,0.19,0.19
r1286_se2_sa1.pdb,R1286,0.19,0.19
8tju_se2_sa3.pdb,8TJU,0.37,0.37
8tju_se2_sa2.pdb,8TJU,0.38,0.38
8tju_se2_sa4.pdb,8TJU,0.36,0.36
8tju_se2_sa0.pdb,8TJU,0.36,0.36
8tju_se2_sa1.pdb,8TJU,0.36,0.36
8tns_se2_sa3.pdb,8TNS,0.24,0.24
8tns_se2_sa4.pdb,8TNS,0.23,0.23
8tns_se2_sa2.pdb,8TNS,0.22,0.22
8tns_se2_sa0.pdb,8TNS,0.24,0.24
8tns_se2_sa1.pdb,8TNS,0.23,0.23
r1242_se2_sa0.pdb,R1242,0.25,0.25
r1242_se2_sa3.pdb,R1242,0.24,0.24
r1242_se2_sa2.pdb,R1242,0.26,0.26
r1242_se2_sa4.pdb,R1242,0.24,0.24
r1242_se2_sa1.pdb,R1242,0.26,0.26
8cq1_se2_sa2.pdb,8CQ1,0.38,0.38
8cq1_se2_sa3.pdb,8CQ1,0.38,0.38
8cq1_se2_sa0.pdb,8CQ1,0.39,0.39
8cq1_se2_sa4.pdb,8CQ1,0.39,0.39
8cq1_se2_sa1.pdb,8CQ1,0.38,0.38
r1271_se2_sa1.pdb,R1271,0.56,0.56
r1271_se2_sa4.pdb,R1271,0.57,0.57
r1271_se2_sa0.pdb,R1271,0.57,0.57
r1271_se2_sa3.pdb,R1271,0.58,0.58
r1271_se2_sa2.pdb,R1271,0.57,0.57
9bun_se2_sa0.pdb,9BUN,0.28,0.28
9bun_se2_sa3.pdb,9BUN,0.28,0.28
9bun_se2_sa1.pdb,9BUN,0.28,0.28
9bun_se2_sa4.pdb,9BUN,0.27,0.27
9bun_se2_sa2.pdb,9BUN,0.28,0.28
7zj5_se2_sa3.pdb,7ZJ5,0.22,0.22
7zj5_se2_sa4.pdb,7ZJ5,0.19,0.19
7zj5_se2_sa2.pdb,7ZJ5,0.2,0.2
7zj5_se2_sa1.pdb,7ZJ5,0.21,0.21
7zj5_se2_sa0.pdb,7ZJ5,0.18,0.18
7yvx_se2_sa1.pdb,7YVX,0.02,0.02
7yvx_se2_sa0.pdb,7YVX,0.02,0.02
7yvx_se2_sa4.pdb,7YVX,0.02,0.02
7yvx_se2_sa2.pdb,7YVX,0.03,0.03
7yvx_se2_sa3.pdb,7YVX,0.03,0.03
r1205_se2_sa4.pdb,R1205,0.22,0.22
r1205_se2_sa0.pdb,R1205,0.26,0.26
r1205_se2_sa3.pdb,R1205,0.23,0.23
r1205_se2_sa1.pdb,R1205,0.25,0.25
r1205_se2_sa2.pdb,R1205,0.28,0.28
r1211_se2_sa0.pdb,R1211,0.38,0.38
r1211_se2_sa1.pdb,R1211,0.39,0.39
r1211_se2_sa3.pdb,R1211,0.39,0.39
r1211_se2_sa4.pdb,R1211,0.4,0.4
r1211_se2_sa2.pdb,R1211,0.4,0.4
r1241_se2_sa1.pdb,R1241,0.4,0.4
r1241_se2_sa2.pdb,R1241,0.38,0.38
r1241_se2_sa0.pdb,R1241,0.39,0.39
r1241_se2_sa4.pdb,R1241,0.39,0.39
r1241_se2_sa3.pdb,R1241,0.38,0.38
r1256_se2_sa3.pdb,R1256,0.23,0.23
r1256_se2_sa4.pdb,R1256,0.22,0.22
r1256_se2_sa2.pdb,R1256,0.22,0.22
r1256_se2_sa1.pdb,R1256,0.22,0.22
r1256_se2_sa0.pdb,R1256,0.22,0.22
r1293_se2_sa3.pdb,R1293,0.24,0.24
r1293_se2_sa4.pdb,R1293,0.24,0.24
r1293_se2_sa2.pdb,R1293,0.27,0.27
r1293_se2_sa1.pdb,R1293,0.23,0.23
r1293_se2_sa0.pdb,R1293,0.23,0.23
8xzl_se2_sa0.pdb,8XZL,0.26,0.26
8xzl_se2_sa3.pdb,8XZL,0.29,0.29
8xzl_se2_sa1.pdb,8XZL,0.29,0.29
8xzl_se2_sa4.pdb,8XZL,0.27,0.27
8xzl_se2_sa2.pdb,8XZL,0.27,0.27
r1281_se2_sa1.pdb,R1281,0.19,0.19
r1281_se2_sa2.pdb,R1281,0.2,0.2
r1281_se2_sa0.pdb,R1281,0.18,0.18
r1281_se2_sa4.pdb,R1281,0.18,0.18
r1281_se2_sa3.pdb,R1281,0.18,0.18
r1253v1_se2_sa0.pdb,R1253V1,0.19,0.19
r1253v1_se2_sa4.pdb,R1253V1,0.19,0.19
r1253v1_se2_sa2.pdb,R1253V1,0.19,0.19
r1253v1_se2_sa3.pdb,R1253V1,0.18,0.18
r1253v1_se2_sa1.pdb,R1253V1,0.19,0.19
r1253v2_se2_sa0.pdb,R1253V2,0.19,0.19
r1253v2_se2_sa1.pdb,R1253V2,0.19,0.19
r1253v2_se2_sa3.pdb,R1253V2,0.18,0.18
r1253v2_se2_sa4.pdb,R1253V2,0.19,0.19
r1253v2_se2_sa2.pdb,R1253V2,0.19,0.19
r1285_se2_sa0.pdb,R1285,0.23,0.23
r1285_se2_sa3.pdb,R1285,0.22,0.22
r1285_se2_sa2.pdb,R1285,0.2,0.2
r1285_se2_sa4.pdb,R1285,0.22,0.22
r1285_se2_sa1.pdb,R1285,0.23,0.23
8v1h_se2_sa3.pdb,8V1H,0.55,0.55
8v1h_se2_sa4.pdb,8V1H,0.55,0.55
8v1h_se2_sa2.pdb,8V1H,0.56,0.56
8v1h_se2_sa0.pdb,8V1H,0.55,0.55
8v1h_se2_sa1.pdb,8V1H,0.54,0.54
8qo4_se2_sa0.pdb,8QO4,0.26,0.26
8qo4_se2_sa3.pdb,8QO4,0.26,0.26
8qo4_se2_sa1.pdb,8QO4,0.26,0.26
8qo4_se2_sa4.pdb,8QO4,0.26,0.26
8qo4_se2_sa2.pdb,8QO4,0.27,0.27
7wia_se2_sa1.pdb,7WIA,0.3,0.3
7wia_se2_sa2.pdb,7WIA,0.32,0.32
7wia_se2_sa0.pdb,7WIA,0.32,0.32
7wia_se2_sa4.pdb,7WIA,0.29,0.29
7wia_se2_sa3.pdb,7WIA,0.31,0.31
8bu8_se2_sa1.pdb,8BU8,0.16,0.16
8bu8_se2_sa4.pdb,8BU8,0.19,0.19
8bu8_se2_sa0.pdb,8BU8,0.17,0.17
8bu8_se2_sa3.pdb,8BU8,0.18,0.18
8bu8_se2_sa2.pdb,8BU8,0.17,0.17
8utg_se2_sa1.pdb,8UTG,0.05,0.05
8utg_se2_sa0.pdb,8UTG,0.05,0.05
8utg_se2_sa4.pdb,8UTG,0.05,0.05
8utg_se2_sa2.pdb,8UTG,0.05,0.05
8utg_se2_sa3.pdb,8UTG,0.05,0.05
8vci_se2_sa0.pdb,8VCI,0.23,0.23
8vci_se2_sa4.pdb,8VCI,0.26,0.26
8vci_se2_sa2.pdb,8VCI,0.23,0.23
8vci_se2_sa3.pdb,8VCI,0.25,0.25
8vci_se2_sa1.pdb,8VCI,0.24,0.24
r1203_se2_sa4.pdb,R1203,0.42,0.42
r1203_se2_sa0.pdb,R1203,0.43,0.43
r1203_se2_sa3.pdb,R1203,0.44,0.44
r1203_se2_sa1.pdb,R1203,0.44,0.44
r1203_se2_sa2.pdb,R1203,0.43,0.43
8edp_se2_sa2.pdb,8EDP,0.08,0.08
8edp_se2_sa1.pdb,8EDP,0.09,0.09
8edp_se2_sa4.pdb,8EDP,0.07,0.07
8edp_se2_sa3.pdb,8EDP,0.1,0.1
8edp_se2_sa0.pdb,8EDP,0.09,0.09
7qdu_se2_sa3.pdb,7QDU,0.18,0.18
7qdu_se2_sa4.pdb,7QDU,0.18,0.18
7qdu_se2_sa2.pdb,7QDU,0.19,0.19
7qdu_se2_sa1.pdb,7QDU,0.18,0.18
7qdu_se2_sa0.pdb,7QDU,0.19,0.19
r1254_se2_sa3.pdb,R1254,0.16,0.16
r1254_se2_sa2.pdb,R1254,0.16,0.16
r1254_se2_sa4.pdb,R1254,0.18,0.18
r1254_se2_sa0.pdb,R1254,0.16,0.16
r1254_se2_sa1.pdb,R1254,0.17,0.17
8fcs_se2_sa4.pdb,8FCS,0.43,0.43
8fcs_se2_sa2.pdb,8FCS,0.44,0.44
8fcs_se2_sa3.pdb,8FCS,0.43,0.43
8fcs_se2_sa1.pdb,8FCS,0.45,0.45
8fcs_se2_sa0.pdb,8FCS,0.44,0.44
7sxp_se2_sa0.pdb,7SXP,0.13,0.13
7sxp_se2_sa3.pdb,7SXP,0.16,0.16
7sxp_se2_sa1.pdb,7SXP,0.15,0.15
7sxp_se2_sa4.pdb,7SXP,0.15,0.15
7sxp_se2_sa2.pdb,7SXP,0.16,0.16
r1209_se2_sa0.pdb,R1209,0.23,0.23
r1209_se2_sa1.pdb,R1209,0.23,0.23
r1209_se2_sa3.pdb,R1209,0.23,0.23
r1209_se2_sa4.pdb,R1209,0.22,0.22
r1209_se2_sa2.pdb,R1209,0.24,0.24
7v06_se2_sa0.pdb,7V06,0.26,0.26
7v06_se2_sa1.pdb,7V06,0.29,0.29
7v06_se2_sa3.pdb,7V06,0.27,0.27
7v06_se2_sa4.pdb,7V06,0.27,0.27
7v06_se2_sa2.pdb,7V06,0.28,0.28
7q48_se2_sa1.pdb,7Q48,0.12,0.12
7q48_se2_sa4.pdb,7Q48,0.12,0.12
7q48_se2_sa0.pdb,7Q48,0.12,0.12
7q48_se2_sa3.pdb,7Q48,0.14,0.14
7q48_se2_sa2.pdb,7Q48,0.1,0.1
8uye_se2_sa1.pdb,8UYE,0.33,0.33
8uye_se2_sa0.pdb,8UYE,0.34,0.34
8uye_se2_sa4.pdb,8UYE,0.34,0.34
8uye_se2_sa2.pdb,8UYE,0.34,0.34
8uye_se2_sa3.pdb,8UYE,0.33,0.33
8upt_se2_sa2.pdb,8UPT,0.44,0.44
8upt_se2_sa4.pdb,8UPT,0.44,0.44
8upt_se2_sa3.pdb,8UPT,0.44,0.44
8upt_se2_sa1.pdb,8UPT,0.45,0.45
8upt_se2_sa0.pdb,8UPT,0.43,0.43
8uys_se2_sa3.pdb,8UYS,0.28,0.28
8uys_se2_sa4.pdb,8UYS,0.27,0.27
8uys_se2_sa2.pdb,8UYS,0.28,0.28
8uys_se2_sa1.pdb,8UYS,0.27,0.27
8uys_se2_sa0.pdb,8UYS,0.28,0.28
8vpv_se2_sa3.pdb,8VPV,0.28,0.28
8vpv_se2_sa4.pdb,8VPV,0.27,0.27
8vpv_se2_sa2.pdb,8VPV,0.28,0.28
8vpv_se2_sa1.pdb,8VPV,0.27,0.27
8vpv_se2_sa0.pdb,8VPV,0.27,0.27
r1263_se2_sa1.pdb,R1263,0.45,0.45
r1263_se2_sa0.pdb,R1263,0.39,0.39
r1263_se2_sa4.pdb,R1263,0.4,0.4
r1263_se2_sa2.pdb,R1263,0.36,0.36
r1263_se2_sa3.pdb,R1263,0.44,0.44
8v1i_se2_sa3.pdb,8V1I,0.45,0.45
8v1i_se2_sa4.pdb,8V1I,0.46,0.46
8v1i_se2_sa2.pdb,8V1I,0.45,0.45
8v1i_se2_sa1.pdb,8V1I,0.46,0.46
8v1i_se2_sa0.pdb,8V1I,0.44,0.44
8tvz_se3_sa3.pdb,8TVZ,0.2,0.2
8tvz_se3_sa2.pdb,8TVZ,0.19,0.19
8tvz_se3_sa0.pdb,8TVZ,0.19,0.19
8tvz_se3_sa4.pdb,8TVZ,0.18,0.18
8tvz_se3_sa1.pdb,8TVZ,0.19,0.19
r1209_se3_sa4.pdb,R1209,0.23,0.23
r1209_se3_sa0.pdb,R1209,0.24,0.24
r1209_se3_sa3.pdb,R1209,0.23,0.23
r1209_se3_sa1.pdb,R1209,0.23,0.23
r1209_se3_sa2.pdb,R1209,0.24,0.24
8v1h_se3_sa3.pdb,8V1H,0.55,0.55
8v1h_se3_sa2.pdb,8V1H,0.54,0.54
8v1h_se3_sa0.pdb,8V1H,0.56,0.56
8v1h_se3_sa4.pdb,8V1H,0.55,0.55
8v1h_se3_sa1.pdb,8V1H,0.56,0.56
7shx_se3_sa0.pdb,7SHX,0.34,0.34
7shx_se3_sa4.pdb,7SHX,0.3,0.3
7shx_se3_sa3.pdb,7SHX,0.35,0.35
7shx_se3_sa2.pdb,7SHX,0.33,0.33
7shx_se3_sa1.pdb,7SHX,0.34,0.34
r1283v1_se3_sa2.pdb,R1283V1,0.29,0.29
r1283v1_se3_sa4.pdb,R1283V1,0.28,0.28
r1283v1_se3_sa3.pdb,R1283V1,0.29,0.29
r1283v1_se3_sa1.pdb,R1283V1,0.28,0.28
r1283v1_se3_sa0.pdb,R1283V1,0.29,0.29
8xzl_se3_sa1.pdb,8XZL,0.28,0.28
8xzl_se3_sa0.pdb,8XZL,0.3,0.3
8xzl_se3_sa2.pdb,8XZL,0.29,0.29
8xzl_se3_sa3.pdb,8XZL,0.28,0.28
8xzl_se3_sa4.pdb,8XZL,0.28,0.28
8clr_se3_sa2.pdb,8CLR,0.01,0.01
8clr_se3_sa1.pdb,8CLR,0.02,0.02
8clr_se3_sa4.pdb,8CLR,0.01,0.01
8clr_se3_sa3.pdb,8CLR,0.01,0.01
8clr_se3_sa0.pdb,8CLR,0.01,0.01
7q48_se3_sa1.pdb,7Q48,0.1,0.1
7q48_se3_sa2.pdb,7Q48,0.13,0.13
7q48_se3_sa4.pdb,7Q48,0.1,0.1
7q48_se3_sa3.pdb,7Q48,0.1,0.1
7q48_se3_sa0.pdb,7Q48,0.09,0.09
8cq1_se3_sa2.pdb,8CQ1,0.38,0.38
8cq1_se3_sa1.pdb,8CQ1,0.38,0.38
8cq1_se3_sa0.pdb,8CQ1,0.4,0.4
8cq1_se3_sa3.pdb,8CQ1,0.39,0.39
8cq1_se3_sa4.pdb,8CQ1,0.37,0.37
8k15_se3_sa2.pdb,8K15,0.16,0.16
8k15_se3_sa1.pdb,8K15,0.16,0.16
8k15_se3_sa0.pdb,8K15,0.16,0.16
8k15_se3_sa3.pdb,8K15,0.15,0.15
8k15_se3_sa4.pdb,8K15,0.16,0.16
8vt5_se3_sa0.pdb,8VT5,0.48,0.48
8vt5_se3_sa3.pdb,8VT5,0.49,0.49
8vt5_se3_sa4.pdb,8VT5,0.48,0.48
8vt5_se3_sa1.pdb,8VT5,0.49,0.49
8vt5_se3_sa2.pdb,8VT5,0.5,0.5
8vci_se3_sa0.pdb,8VCI,0.26,0.26
8vci_se3_sa4.pdb,8VCI,0.27,0.27
8vci_se3_sa3.pdb,8VCI,0.26,0.26
8vci_se3_sa2.pdb,8VCI,0.24,0.24
8vci_se3_sa1.pdb,8VCI,0.24,0.24
8tju_se3_sa2.pdb,8TJU,0.37,0.37
8tju_se3_sa4.pdb,8TJU,0.37,0.37
8tju_se3_sa3.pdb,8TJU,0.35,0.35
8tju_se3_sa1.pdb,8TJU,0.38,0.38
8tju_se3_sa0.pdb,8TJU,0.36,0.36
r1251_se3_sa4.pdb,R1251,0.19,0.19
r1251_se3_sa2.pdb,R1251,0.18,0.18
r1251_se3_sa0.pdb,R1251,0.18,0.18
r1251_se3_sa3.pdb,R1251,0.19,0.19
r1251_se3_sa1.pdb,R1251,0.19,0.19
r1205_se3_sa1.pdb,R1205,0.29,0.29
r1205_se3_sa0.pdb,R1205,0.25,0.25
r1205_se3_sa4.pdb,R1205,0.27,0.27
r1205_se3_sa3.pdb,R1205,0.27,0.27
r1205_se3_sa2.pdb,R1205,0.27,0.27
r1203_se3_sa3.pdb,R1203,0.42,0.42
r1203_se3_sa2.pdb,R1203,0.43,0.43
r1203_se3_sa0.pdb,R1203,0.43,0.43
r1203_se3_sa1.pdb,R1203,0.43,0.43
r1203_se3_sa4.pdb,R1203,0.42,0.42
r1264_se3_sa4.pdb,R1264,0.42,0.42
r1264_se3_sa0.pdb,R1264,0.38,0.38
r1264_se3_sa3.pdb,R1264,0.38,0.38
r1264_se3_sa1.pdb,R1264,0.43,0.43
r1264_se3_sa2.pdb,R1264,0.38,0.38
r1288_se3_sa2.pdb,R1288,0.27,0.27
r1288_se3_sa4.pdb,R1288,0.28,0.28
r1288_se3_sa3.pdb,R1288,0.25,0.25
r1288_se3_sa1.pdb,R1288,0.28,0.28
r1288_se3_sa0.pdb,R1288,0.25,0.25
9bun_se3_sa0.pdb,9BUN,0.28,0.28
9bun_se3_sa1.pdb,9BUN,0.27,0.27
9bun_se3_sa2.pdb,9BUN,0.27,0.27
9bun_se3_sa4.pdb,9BUN,0.28,0.28
9bun_se3_sa3.pdb,9BUN,0.28,0.28
r1296_se3_sa2.pdb,R1296,0.23,0.23
r1296_se3_sa4.pdb,R1296,0.22,0.22
r1296_se3_sa1.pdb,R1296,0.23,0.23
r1296_se3_sa3.pdb,R1296,0.23,0.23
r1296_se3_sa0.pdb,R1296,0.23,0.23
r1262_se3_sa1.pdb,R1262,0.54,0.54
r1262_se3_sa2.pdb,R1262,0.54,0.54
r1262_se3_sa4.pdb,R1262,0.53,0.53
r1262_se3_sa3.pdb,R1262,0.54,0.54
r1262_se3_sa0.pdb,R1262,0.54,0.54
8btz_se3_sa2.pdb,8BTZ,0.26,0.26
8btz_se3_sa1.pdb,8BTZ,0.25,0.25
8btz_se3_sa0.pdb,8BTZ,0.26,0.26
8btz_se3_sa4.pdb,8BTZ,0.26,0.26
8btz_se3_sa3.pdb,8BTZ,0.24,0.24
8tns_se3_sa3.pdb,8TNS,0.26,0.26
8tns_se3_sa2.pdb,8TNS,0.23,0.23
8tns_se3_sa0.pdb,8TNS,0.2,0.2
8tns_se3_sa1.pdb,8TNS,0.23,0.23
8tns_se3_sa4.pdb,8TNS,0.22,0.22
8its_se3_sa2.pdb,8ITS,0.25,0.25
8its_se3_sa1.pdb,8ITS,0.26,0.26
8its_se3_sa0.pdb,8ITS,0.26,0.26
8its_se3_sa3.pdb,8ITS,0.26,0.26
8its_se3_sa4.pdb,8ITS,0.24,0.24
7ume_se3_sa2.pdb,7UME,0.23,0.23
7ume_se3_sa3.pdb,7UME,0.23,0.23
7ume_se3_sa1.pdb,7UME,0.25,0.25
7ume_se3_sa0.pdb,7UME,0.22,0.22
7ume_se3_sa4.pdb,7UME,0.2,0.2
7uga_se3_sa0.pdb,7UGA,0.32,0.32
7uga_se3_sa3.pdb,7UGA,0.33,0.33
7uga_se3_sa4.pdb,7UGA,0.33,0.33
7uga_se3_sa1.pdb,7UGA,0.33,0.33
7uga_se3_sa2.pdb,7UGA,0.32,0.32
8sch_se3_sa1.pdb,8SCH,0.26,0.26
8sch_se3_sa0.pdb,8SCH,0.28,0.28
8sch_se3_sa4.pdb,8SCH,0.26,0.26
8sch_se3_sa3.pdb,8SCH,0.27,0.27
8sch_se3_sa2.pdb,8SCH,0.26,0.26
r1211_se3_sa2.pdb,R1211,0.39,0.39
r1211_se3_sa4.pdb,R1211,0.37,0.37
r1211_se3_sa1.pdb,R1211,0.38,0.38
r1211_se3_sa3.pdb,R1211,0.37,0.37
r1211_se3_sa0.pdb,R1211,0.38,0.38
7wia_se3_sa2.pdb,7WIA,0.31,0.31
7wia_se3_sa1.pdb,7WIA,0.3,0.3
7wia_se3_sa0.pdb,7WIA,0.3,0.3
7wia_se3_sa4.pdb,7WIA,0.32,0.32
7wia_se3_sa3.pdb,7WIA,0.31,0.31
8uys_se3_sa4.pdb,8UYS,0.26,0.26
8uys_se3_sa0.pdb,8UYS,0.27,0.27
8uys_se3_sa3.pdb,8UYS,0.25,0.25
8uys_se3_sa1.pdb,8UYS,0.28,0.28
8uys_se3_sa2.pdb,8UYS,0.26,0.26
r1253v1_se3_sa0.pdb,R1253V1,0.19,0.19
r1253v1_se3_sa4.pdb,R1253V1,0.19,0.19
r1253v1_se3_sa2.pdb,R1253V1,0.19,0.19
r1253v1_se3_sa3.pdb,R1253V1,0.15,0.15
r1253v1_se3_sa1.pdb,R1253V1,0.18,0.18
8qo2_se3_sa1.pdb,8QO2,0.21,0.21
8qo2_se3_sa2.pdb,8QO2,0.21,0.21
8qo2_se3_sa4.pdb,8QO2,0.21,0.21
8qo2_se3_sa3.pdb,8QO2,0.21,0.21
8qo2_se3_sa0.pdb,8QO2,0.2,0.2
8vpv_se3_sa2.pdb,8VPV,0.3,0.3
8vpv_se3_sa1.pdb,8VPV,0.28,0.28
8vpv_se3_sa0.pdb,8VPV,0.3,0.3
8vpv_se3_sa4.pdb,8VPV,0.28,0.28
8vpv_se3_sa3.pdb,8VPV,0.29,0.29
8bu8_se3_sa2.pdb,8BU8,0.18,0.18
8bu8_se3_sa4.pdb,8BU8,0.18,0.18
8bu8_se3_sa3.pdb,8BU8,0.17,0.17
8bu8_se3_sa1.pdb,8BU8,0.17,0.17
8bu8_se3_sa0.pdb,8BU8,0.17,0.17
7ucr_se3_sa1.pdb,7UCR,0.46,0.46
7ucr_se3_sa2.pdb,7UCR,0.46,0.46
7ucr_se3_sa3.pdb,7UCR,0.46,0.46
7ucr_se3_sa0.pdb,7UCR,0.46,0.46
7ucr_se3_sa4.pdb,7UCR,0.46,0.46
r1212_se3_sa3.pdb,R1212,0.2,0.2
r1212_se3_sa2.pdb,R1212,0.2,0.2
r1212_se3_sa0.pdb,R1212,0.21,0.21
r1212_se3_sa4.pdb,R1212,0.2,0.2
r1212_se3_sa1.pdb,R1212,0.21,0.21
8qo3_se3_sa4.pdb,8QO3,0.22,0.22
8qo3_se3_sa3.pdb,8QO3,0.22,0.22
8qo3_se3_sa2.pdb,8QO3,0.23,0.23
8qo3_se3_sa0.pdb,8QO3,0.22,0.22
8qo3_se3_sa1.pdb,8QO3,0.22,0.22
8i44_se3_sa0.pdb,8I44,0.01,0.01
8i44_se3_sa1.pdb,8I44,0.01,0.01
8i44_se3_sa2.pdb,8I44,0.01,0.01
8i44_se3_sa4.pdb,8I44,0.01,0.01
8i44_se3_sa3.pdb,8I44,0.01,0.01
8upt_se3_sa1.pdb,8UPT,0.44,0.44
8upt_se3_sa0.pdb,8UPT,0.45,0.45
8upt_se3_sa4.pdb,8UPT,0.45,0.45
8upt_se3_sa3.pdb,8UPT,0.44,0.44
8upt_se3_sa2.pdb,8UPT,0.44,0.44
r1281_se3_sa2.pdb,R1281,0.18,0.18
r1281_se3_sa1.pdb,R1281,0.18,0.18
r1281_se3_sa0.pdb,R1281,0.18,0.18
r1281_se3_sa4.pdb,R1281,0.19,0.19
r1281_se3_sa3.pdb,R1281,0.19,0.19
8fcs_se3_sa0.pdb,8FCS,0.42,0.42
8fcs_se3_sa4.pdb,8FCS,0.46,0.46
8fcs_se3_sa3.pdb,8FCS,0.42,0.42
8fcs_se3_sa2.pdb,8FCS,0.44,0.44
8fcs_se3_sa1.pdb,8FCS,0.43,0.43
r1248_se3_sa0.pdb,R1248,0.2,0.2
r1248_se3_sa4.pdb,R1248,0.19,0.19
r1248_se3_sa2.pdb,R1248,0.2,0.2
r1248_se3_sa3.pdb,R1248,0.2,0.2
r1248_se3_sa1.pdb,R1248,0.21,0.21
r1241_se3_sa0.pdb,R1241,0.38,0.38
r1241_se3_sa1.pdb,R1241,0.39,0.39
r1241_se3_sa2.pdb,R1241,0.39,0.39
r1241_se3_sa4.pdb,R1241,0.39,0.39
r1241_se3_sa3.pdb,R1241,0.39,0.39
r1253v2_se3_sa1.pdb,R1253V2,0.18,0.18
r1253v2_se3_sa2.pdb,R1253V2,0.19,0.19
r1253v2_se3_sa3.pdb,R1253V2,0.15,0.15
r1253v2_se3_sa0.pdb,R1253V2,0.19,0.19
r1253v2_se3_sa4.pdb,R1253V2,0.19,0.19
8qo4_se3_sa2.pdb,8QO4,0.26,0.26
8qo4_se3_sa3.pdb,8QO4,0.25,0.25
8qo4_se3_sa1.pdb,8QO4,0.26,0.26
8qo4_se3_sa0.pdb,8QO4,0.28,0.28
8qo4_se3_sa4.pdb,8QO4,0.26,0.26
r1254_se3_sa1.pdb,R1254,0.18,0.18
r1254_se3_sa2.pdb,R1254,0.19,0.19
r1254_se3_sa3.pdb,R1254,0.18,0.18
r1254_se3_sa0.pdb,R1254,0.17,0.17
r1254_se3_sa4.pdb,R1254,0.15,0.15
r1242_se3_sa0.pdb,R1242,0.25,0.25
r1242_se3_sa1.pdb,R1242,0.25,0.25
r1242_se3_sa2.pdb,R1242,0.25,0.25
r1242_se3_sa4.pdb,R1242,0.23,0.23
r1242_se3_sa3.pdb,R1242,0.23,0.23
8utg_se3_sa2.pdb,8UTG,0.05,0.05
8utg_se3_sa4.pdb,8UTG,0.05,0.05
8utg_se3_sa1.pdb,8UTG,0.05,0.05
8utg_se3_sa3.pdb,8UTG,0.05,0.05
8utg_se3_sa0.pdb,8UTG,0.05,0.05
r1271_se3_sa4.pdb,R1271,0.54,0.54
r1271_se3_sa2.pdb,R1271,0.55,0.55
r1271_se3_sa0.pdb,R1271,0.58,0.58
r1271_se3_sa3.pdb,R1271,0.57,0.57
r1271_se3_sa1.pdb,R1271,0.58,0.58
7umd_se3_sa3.pdb,7UMD,0.26,0.26
7umd_se3_sa2.pdb,7UMD,0.3,0.3
7umd_se3_sa0.pdb,7UMD,0.24,0.24
7umd_se3_sa4.pdb,7UMD,0.28,0.28
7umd_se3_sa1.pdb,7UMD,0.28,0.28
8bwt_se3_sa1.pdb,8BWT,0.26,0.26
8bwt_se3_sa2.pdb,8BWT,0.27,0.27
8bwt_se3_sa4.pdb,8BWT,0.27,0.27
8bwt_se3_sa3.pdb,8BWT,0.24,0.24
8bwt_se3_sa0.pdb,8BWT,0.28,0.28
r1293_se3_sa3.pdb,R1293,0.22,0.22
r1293_se3_sa2.pdb,R1293,0.25,0.25
r1293_se3_sa0.pdb,R1293,0.26,0.26
r1293_se3_sa4.pdb,R1293,0.24,0.24
r1293_se3_sa1.pdb,R1293,0.26,0.26
8bm6_se3_sa4.pdb,8BM6,0.39,0.39
8bm6_se3_sa0.pdb,8BM6,0.42,0.42
8bm6_se3_sa3.pdb,8BM6,0.39,0.39
8bm6_se3_sa1.pdb,8BM6,0.42,0.42
8bm6_se3_sa2.pdb,8BM6,0.43,0.43
8jhp_se3_sa0.pdb,8JHP,0.2,0.2
8jhp_se3_sa1.pdb,8JHP,0.2,0.2
8jhp_se3_sa2.pdb,8JHP,0.22,0.22
8jhp_se3_sa4.pdb,8JHP,0.2,0.2
8jhp_se3_sa3.pdb,8JHP,0.18,0.18
r1263_se3_sa2.pdb,R1263,0.38,0.38
r1263_se3_sa3.pdb,R1263,0.38,0.38
r1263_se3_sa1.pdb,R1263,0.43,0.43
r1263_se3_sa0.pdb,R1263,0.38,0.38
r1263_se3_sa4.pdb,R1263,0.42,0.42
7umc_se3_sa4.pdb,7UMC,0.3,0.3
7umc_se3_sa0.pdb,7UMC,0.3,0.3
7umc_se3_sa3.pdb,7UMC,0.31,0.31
7umc_se3_sa1.pdb,7UMC,0.3,0.3
7umc_se3_sa2.pdb,7UMC,0.31,0.31
7yvx_se3_sa1.pdb,7YVX,0.02,0.02
7yvx_se3_sa0.pdb,7YVX,0.02,0.02
7yvx_se3_sa2.pdb,7YVX,0.02,0.02
7yvx_se3_sa3.pdb,7YVX,0.02,0.02
7yvx_se3_sa4.pdb,7YVX,0.02,0.02
7qdu_se3_sa2.pdb,7QDU,0.19,0.19
7qdu_se3_sa1.pdb,7QDU,0.2,0.2
7qdu_se3_sa4.pdb,7QDU,0.2,0.2
7qdu_se3_sa3.pdb,7QDU,0.2,0.2
7qdu_se3_sa0.pdb,7QDU,0.2,0.2
r1252_se3_sa0.pdb,R1252,0.16,0.16
r1252_se3_sa4.pdb,R1252,0.17,0.17
r1252_se3_sa2.pdb,R1252,0.16,0.16
r1252_se3_sa3.pdb,R1252,0.16,0.16
r1252_se3_sa1.pdb,R1252,0.16,0.16
7zj5_se3_sa2.pdb,7ZJ5,0.22,0.22
7zj5_se3_sa1.pdb,7ZJ5,0.18,0.18
7zj5_se3_sa0.pdb,7ZJ5,0.2,0.2
7zj5_se3_sa4.pdb,7ZJ5,0.21,0.21
7zj5_se3_sa3.pdb,7ZJ5,0.22,0.22
8wa4_se3_sa0.pdb,8WA4,0.06,0.06
8wa4_se3_sa4.pdb,8WA4,0.07,0.07
8wa4_se3_sa3.pdb,8WA4,0.07,0.07
8wa4_se3_sa2.pdb,8WA4,0.07,0.07
8wa4_se3_sa1.pdb,8WA4,0.07,0.07
r1256_se3_sa2.pdb,R1256,0.22,0.22
r1256_se3_sa3.pdb,R1256,0.23,0.23
r1256_se3_sa1.pdb,R1256,0.22,0.22
r1256_se3_sa0.pdb,R1256,0.22,0.22
r1256_se3_sa4.pdb,R1256,0.23,0.23
9eow_se3_sa3.pdb,9EOW,0.25,0.25
9eow_se3_sa2.pdb,9EOW,0.26,0.26
9eow_se3_sa0.pdb,9EOW,0.3,0.3
9eow_se3_sa4.pdb,9EOW,0.27,0.27
9eow_se3_sa1.pdb,9EOW,0.33,0.33
r1285_se3_sa4.pdb,R1285,0.22,0.22
r1285_se3_sa2.pdb,R1285,0.23,0.23
r1285_se3_sa0.pdb,R1285,0.23,0.23
r1285_se3_sa3.pdb,R1285,0.21,0.21
r1285_se3_sa1.pdb,R1285,0.22,0.22
8v1i_se3_sa4.pdb,8V1I,0.46,0.46
8v1i_se3_sa2.pdb,8V1I,0.45,0.45
8v1i_se3_sa0.pdb,8V1I,0.45,0.45
8v1i_se3_sa3.pdb,8V1I,0.46,0.46
8v1i_se3_sa1.pdb,8V1I,0.46,0.46
7sxp_se3_sa0.pdb,7SXP,0.15,0.15
7sxp_se3_sa4.pdb,7SXP,0.15,0.15
7sxp_se3_sa3.pdb,7SXP,0.13,0.13
7sxp_se3_sa2.pdb,7SXP,0.16,0.16
7sxp_se3_sa1.pdb,7SXP,0.17,0.17
r1255_se3_sa4.pdb,R1255,0.21,0.21
r1255_se3_sa2.pdb,R1255,0.2,0.2
r1255_se3_sa0.pdb,R1255,0.21,0.21
r1255_se3_sa3.pdb,R1255,0.21,0.21
r1255_se3_sa1.pdb,R1255,0.23,0.23
8q4o_se3_sa3.pdb,8Q4O,0.12,0.12
8q4o_se3_sa2.pdb,8Q4O,0.12,0.12
8q4o_se3_sa0.pdb,8Q4O,0.12,0.12
8q4o_se3_sa4.pdb,8Q4O,0.12,0.12
8q4o_se3_sa1.pdb,8Q4O,0.12,0.12
8uye_se3_sa0.pdb,8UYE,0.34,0.34
8uye_se3_sa4.pdb,8UYE,0.34,0.34
8uye_se3_sa3.pdb,8UYE,0.34,0.34
8uye_se3_sa2.pdb,8UYE,0.34,0.34
8uye_se3_sa1.pdb,8UYE,0.33,0.33
r1286_se3_sa4.pdb,R1286,0.17,0.17
r1286_se3_sa3.pdb,R1286,0.16,0.16
r1286_se3_sa1.pdb,R1286,0.19,0.19
r1286_se3_sa2.pdb,R1286,0.17,0.17
r1286_se3_sa0.pdb,R1286,0.18,0.18
8edp_se3_sa3.pdb,8EDP,0.1,0.1
8edp_se3_sa2.pdb,8EDP,0.08,0.08
8edp_se3_sa1.pdb,8EDP,0.1,0.1
8edp_se3_sa4.pdb,8EDP,0.1,0.1
8edp_se3_sa0.pdb,8EDP,0.1,0.1
r1261v1_se3_sa1.pdb,R1261V1,0.54,0.54
r1261v1_se3_sa0.pdb,R1261V1,0.54,0.54
r1261v1_se3_sa4.pdb,R1261V1,0.53,0.53
r1261v1_se3_sa3.pdb,R1261V1,0.54,0.54
r1261v1_se3_sa2.pdb,R1261V1,0.54,0.54
7v06_se3_sa3.pdb,7V06,0.26,0.26
7v06_se3_sa2.pdb,7V06,0.26,0.26
7v06_se3_sa0.pdb,7V06,0.27,0.27
7v06_se3_sa1.pdb,7V06,0.26,0.26
7v06_se3_sa4.pdb,7V06,0.26,0.26
